timestamp,open,high,low,close,adjusted close,volume,dividend amount
2025-03-17,351.3500,354.5000,349.1000,350.7500,350.7500,445161,0.0000
2025-03-13,356.9500,362.8000,344.1500,350.7500,350.7500,1750166,0.0000
2025-03-07,338.5500,360.4500,332.0000,351.3000,351.3000,2074852,0.0000
2025-02-28,355.1500,356.9500,335.4500,339.1000,339.1000,1947746,0.0000
2025-02-21,336.6500,362.3000,326.2500,357.4000,357.4000,2924526,0.0000
2025-02-14,366.7500,368.4000,332.1500,337.2000,337.2000,2733468,0.0000
2025-02-07,361.4000,378.9500,343.3500,366.7500,366.7500,6313823,0.0000
2025-01-24,374.4500,376.2000,352.2000,363.3500,363.3500,2309167,0.0000
2025-01-17,352.6000,375.4500,338.5000,373.6500,373.6500,3548193,0.0000
2025-01-10,396.6500,397.0000,355.1000,356.3000,356.3000,2868099,0.0000
2025-01-03,399.1500,402.9000,385.4500,396.6500,396.6500,4417301,0.0000
2024-12-27,403.4500,408.2000,396.8500,399.1000,399.1000,2609149,0.0000
2024-12-20,428.3000,430.4500,400.1000,401.2500,401.2500,1532062,0.0000
2024-12-13,443.3500,447.7000,420.5000,428.3000,428.3000,3358564,0.0000
2024-12-06,413.8500,442.3500,412.0500,439.4500,439.4500,4259898,0.0000
2024-11-29,420.3500,423.9000,408.0000,414.0500,414.0500,2841130,0.0000
2024-11-22,407.0500,417.8000,397.5000,413.5500,413.5500,3494564,0.0000
2024-11-14,432.4000,437.6500,397.0000,404.6500,404.6500,3781460,0.0000
2024-11-08,446.7000,454.8000,426.0000,432.6000,432.6000,3251956,0.0000
2024-11-01,422.5000,448.5000,415.0000,445.2000,445.2000,4798297,0.0000
2024-10-25,454.6500,465.5500,414.8500,422.4000,422.4000,3452480,0.0000
2024-10-18,464.7000,474.3000,443.0000,453.5000,453.5000,4813252,0.0000
2024-10-11,467.1000,477.8000,438.9000,461.0000,461.0000,6611912,0.0000
2024-10-04,486.0000,491.2500,460.6000,466.7000,466.7000,3719186,0.0000
2024-09-27,444.4500,494.8500,444.4500,485.1000,485.1000,8411178,0.0000
2024-09-20,443.2000,451.6000,430.8000,444.2000,444.2000,4039651,0.0000
2024-09-13,416.9500,449.5000,411.1500,441.8500,441.8500,7645465,0.0000
2024-09-06,435.3500,436.6000,414.6500,416.9500,416.9500,3143087,0.0000
2024-08-30,420.1000,436.0000,417.0000,434.5500,434.5500,4921764,0.0000
2024-08-23,417.0000,427.0000,415.1500,418.0000,418.0000,1651441,0.0000
2024-08-16,416.8000,422.8000,403.1000,413.5000,413.5000,4955728,0.0000
2024-08-09,445.0000,452.6000,416.3000,417.8000,417.8000,7292404,0.0000
2024-08-02,447.9500,470.8500,440.3500,460.3000,460.3000,8344273,0.0000
2024-07-26,414.3500,446.2000,400.0000,444.6500,444.6500,5909897,0.0000
2024-07-19,435.9000,445.2500,412.8000,414.1500,414.1500,4676230,0.0000
2024-07-12,440.5000,444.5000,426.9000,434.0500,434.0500,2612252,0.0000
2024-07-05,440.6000,442.2500,428.1500,439.8000,439.8000,5111640,2.0000
2024-06-28,435.3500,444.6000,426.5000,440.5000,440.5000,4330140,0.0000
2024-06-21,450.4500,453.6500,436.6000,438.7000,438.7000,2166650,0.0000
2024-06-14,449.5000,458.4500,445.1500,448.6000,448.6000,5822106,0.0000
2024-06-07,456.5500,460.0000,377.2000,443.4500,441.4055,13274714,0.0000
2024-05-31,449.0000,452.4500,422.8000,436.8000,434.7862,4731016,0.0000
2024-05-24,443.0000,452.9000,436.4500,447.3500,445.2875,3182194,0.0000
2024-05-17,412.5500,439.9500,396.5000,436.3000,434.2885,5478929,0.0000
2024-05-10,459.5500,459.5500,404.0500,414.7500,412.8378,9348941,0.0000
2024-05-03,440.0000,464.3000,437.3000,454.6000,452.5041,5228769,0.0000
2024-04-26,433.9000,440.4000,426.9000,436.7500,434.7364,4379488,0.0000
2024-04-19,400.1500,442.9500,400.1500,428.0000,426.0267,9850108,0.0000
2024-04-12,417.8000,444.1000,414.9500,437.0500,435.0350,6316815,0.0000
2024-04-05,399.6500,419.9000,398.0000,414.5000,412.5890,4426440,0.0000
2024-03-28,390.7000,399.0000,387.6500,394.1500,392.3328,2566016,0.0000
2024-03-22,382.4000,395.5000,371.2500,390.7000,388.8987,4178359,0.0000
2024-03-15,415.0000,421.3500,365.6000,380.6500,378.8950,7776169,0.0000
2024-03-07,381.4000,433.2000,381.0000,424.9500,422.9908,6724163,0.0000
2024-03-01,379.0000,381.4500,363.0500,377.4000,375.6600,3341776,0.0000
2024-02-23,385.0000,385.7500,369.4000,378.3000,376.5559,3953673,0.0000
2024-02-16,380.9000,386.2000,354.6500,376.1500,374.4158,10407467,0.0000
2024-02-09,395.9500,412.7500,384.0500,392.1000,390.2923,8438072,0.0000
2024-02-02,370.4500,396.7000,366.8000,389.7500,387.9531,8633961,0.0000
2024-01-25,366.4000,366.5500,341.3000,365.0500,363.3670,7075300,0.0000
2024-01-19,360.1000,360.6500,335.3000,348.6500,347.0426,5709575,0.0000
2024-01-12,345.1500,361.9500,337.5000,357.6500,356.0011,7059906,0.0000
2024-01-05,334.6500,349.6500,319.8000,340.7000,339.1292,5540165,0.0000
2023-12-29,328.9000,335.8500,321.7500,332.0500,330.5191,5383850,0.0000
2023-12-22,339.2000,346.9000,312.6000,326.6000,325.0942,13925949,0.0000
2023-12-15,325.8000,341.3000,322.3500,333.2000,331.6638,9256890,0.0000
2023-12-08,286.0000,335.8000,276.5000,323.4500,321.9588,20334675,0.0000
2023-12-01,258.4500,278.5000,258.4500,275.7500,274.4787,9907129,0.0000
2023-11-24,264.2500,265.4000,256.9500,258.1500,256.9598,2042272,0.0000
2023-11-17,253.0500,265.5000,251.4000,262.5500,261.3395,2494453,0.0000
2023-11-10,247.8500,256.3000,245.6500,251.4000,250.2409,2819142,0.0000
2023-11-03,239.4500,246.4500,234.9500,244.5000,243.3728,1718125,0.0000
2023-10-27,248.0500,248.7000,230.7500,238.1000,237.0023,2994107,0.0000
2023-10-20,254.8000,259.3500,246.6000,247.2500,246.1101,2810259,0.0000
2023-10-13,250.8000,257.3500,249.0000,254.0500,252.8787,3602060,0.0000
2023-10-06,262.8000,266.5000,253.6000,258.7500,257.5571,1880421,0.0000
2023-09-29,257.6500,264.6500,255.0500,262.2000,260.9911,3342347,0.0000
2023-09-22,265.8000,267.0000,254.3500,257.0500,255.8649,2222687,0.0000
2023-09-15,273.2000,275.5000,260.1000,263.8000,262.5838,5829907,0.0000
2023-09-08,256.5500,276.5000,254.7000,268.9000,267.6603,11445608,0.0000
2023-09-01,245.3500,255.9000,243.8000,255.2000,254.0234,4500351,0.0000
2023-08-25,230.0500,252.7500,230.0500,245.3000,244.1691,6607914,0.0000
2023-08-18,235.6000,236.0000,228.1000,230.0000,228.9396,2635108,0.0000
2023-08-11,237.8500,241.6500,230.5500,236.1500,235.0612,5391522,0.0000
2023-08-04,235.5000,245.4000,232.6500,235.6500,234.5636,6647812,0.0000
2023-07-28,217.7000,237.2500,217.0000,234.5500,233.4686,5613982,0.0000
2023-07-21,221.5000,224.7000,216.9500,217.4500,216.4475,3515708,0.0000
2023-07-14,228.7000,228.9500,218.7000,221.1000,220.0806,2517615,0.0000
2023-07-07,222.5000,232.3500,220.0500,227.8500,226.7995,3431545,0.0000
2023-06-30,218.0000,222.4500,216.3500,221.8000,220.7774,2162735,0.0000
2023-06-23,222.2000,226.2500,215.6500,218.2000,217.1940,3081187,0.0000
2023-06-16,222.0000,225.3500,220.2500,222.1500,221.1258,3233171,0.0000
2023-06-09,216.3500,226.1500,214.2500,221.1500,220.1304,3381390,2.0000
2023-06-02,213.0000,218.9500,211.7500,215.6000,212.6253,3812706,0.0000
2023-05-26,205.8000,213.7500,204.2500,212.1000,209.1736,4342020,0.0000
2023-05-19,207.1500,214.9500,201.7500,205.8000,202.9605,2343373,0.0000
2023-05-12,200.2500,207.7000,199.6000,207.0500,204.1933,2751629,0.0000
2023-05-05,201.1500,205.5000,199.3500,200.1000,197.3392,2655596,0.0000
2023-04-28,196.1000,201.5000,194.8500,201.1500,198.3747,1343488,0.0000
2023-04-21,195.5500,198.1500,193.0500,195.7000,192.9999,1734437,0.0000
2023-04-13,195.2000,198.6500,194.2500,196.2000,193.4930,1882212,0.0000
2023-04-06,193.8500,196.0000,192.0500,195.1500,192.4575,1454190,0.0000
2023-03-31,192.8000,194.0000,182.4500,190.2000,187.5758,8051899,0.0000
2023-03-24,202.3000,204.4500,192.2000,192.8000,190.1399,2910348,0.0000
2023-03-17,206.7000,209.1500,198.7500,205.0000,202.1716,4526386,0.0000
2023-03-10,207.8000,212.9500,206.0000,208.8000,205.9191,1416696,0.0000
2023-03-03,202.2500,209.2000,197.5500,207.7000,204.8343,5111396,0.0000
2023-02-24,204.9000,209.7000,200.6500,202.2500,199.4595,4197759,0.0000
2023-02-17,205.0000,206.3000,201.9500,204.7000,201.8757,2932897,0.0000
2023-02-10,209.0500,212.8000,202.9000,204.8000,201.9743,2694086,0.0000
2023-02-03,203.0000,215.4500,196.9500,205.3000,202.4674,6015838,0.0000
2023-01-27,207.5500,208.1500,196.7500,202.4500,199.6568,2679939,0.0000
2023-01-20,207.0500,208.5500,205.0000,207.1500,204.2919,1589266,0.0000
2023-01-13,206.1500,207.8000,203.9000,206.5500,203.7002,3052578,0.0000
2023-01-06,208.7000,213.0500,204.1000,205.4000,202.5661,4227553,0.0000
2022-12-30,195.2000,210.3000,194.4500,207.7000,204.8343,5733224,0.0000
2022-12-23,217.7500,219.4000,196.0000,197.0000,194.2819,4559664,0.0000
2022-12-16,219.4500,224.8000,215.5500,217.3500,214.3512,5163298,0.0000
2022-12-09,225.2000,230.2500,217.5500,219.4500,216.4222,3192875,0.0000
2022-12-02,223.7000,227.1000,222.6000,225.2000,222.0929,3126369,0.0000
2022-11-25,220.0500,224.7500,218.4000,224.1500,221.0574,2232848,0.0000
2022-11-18,229.4000,230.4000,218.7500,220.4000,217.3591,3867759,0.0000
2022-11-11,228.0500,234.5000,227.0000,229.7500,226.5801,3945546,0.0000
2022-11-04,229.6500,231.9000,224.2500,228.2500,225.1008,4440829,0.0000
2022-10-28,218.7000,227.4000,217.6000,225.0000,221.8956,5615606,0.0000
2022-10-21,211.7500,222.1500,211.7500,218.6000,215.5839,3673505,0.0000
2022-10-14,219.5500,222.2500,213.5000,215.9000,212.9212,5748365,0.0000
2022-10-07,216.5000,223.2500,211.9500,222.5500,219.4794,3404346,0.0000
2022-09-30,222.6000,223.4500,210.2000,216.5000,213.5129,7875709,0.0000
2022-09-23,236.0000,238.0000,223.6000,224.6000,221.5011,6875827,0.0000
2022-09-16,243.2000,247.8500,232.7000,236.7000,233.4342,6741921,0.0000
2022-09-09,235.1000,251.0000,235.1000,242.3500,239.0062,9655877,0.0000
2022-09-02,226.0000,240.1500,226.0000,235.0000,231.7577,5246968,0.0000
2022-08-26,232.3000,236.3500,221.5500,235.1000,231.8563,8230914,0.0000
2022-08-19,232.4000,241.8500,231.3500,232.7000,229.4894,8298151,0.0000
2022-08-12,231.6000,235.5000,227.2000,232.4000,229.1935,5797376,0.0000
2022-08-05,221.5000,237.4000,221.5000,232.1000,228.8977,9271409,0.0000
2022-07-29,231.4000,233.5000,215.5000,221.9000,218.8384,8192993,0.0000
2022-07-22,226.7500,234.0000,225.4500,230.8500,227.6649,6716700,0.0000
2022-07-15,219.2500,226.2500,218.2000,225.0500,221.9449,5737493,0.0000
2022-07-08,207.3500,220.8500,207.3500,220.0500,217.0139,5114478,0.0000
2022-07-01,210.3000,211.6000,200.5500,207.0000,204.1440,4648093,0.0000
2022-06-24,211.3000,213.0500,190.0000,207.8500,204.9822,12178807,0.0000
2022-06-17,223.9500,226.4000,207.0000,210.4500,207.5464,7170659,1.7500
2022-06-10,231.0500,236.6500,227.5000,230.2000,225.2217,5880788,0.0000
2022-06-03,227.9500,237.6000,217.5500,231.0500,226.0533,7932178,0.0000
2022-05-27,235.1000,236.0000,210.2500,224.7000,219.8406,9524893,0.0000
2022-05-20,225.7000,243.4000,220.3500,233.2500,228.2057,13455215,0.0000
2022-05-13,235.3500,236.7500,217.0000,222.8500,218.0306,18522819,0.0000
2022-05-06,240.1000,254.0000,238.3500,245.2000,239.8973,11355003,0.0000
2022-04-29,247.5500,255.1500,240.8500,242.3000,237.0600,10768951,0.0000
2022-04-22,269.3000,269.3000,242.5000,253.2500,247.7732,18104440,0.0000
2022-04-13,281.0000,288.5000,271.7000,273.0500,267.1450,11233609,0.0000
2022-04-08,247.3500,298.0000,246.1000,278.1500,272.1347,49570698,0.0000
2022-04-01,242.8000,246.2500,237.2000,245.4000,240.0930,9439533,0.0000
2022-03-25,233.0000,244.2000,226.3000,241.3500,236.1306,11553887,0.0000
2022-03-17,232.0000,234.6500,225.3500,231.7500,226.7382,4572398,0.0000
2022-03-11,214.3500,235.9500,212.2500,233.1500,228.1079,16470757,0.0000
2022-03-04,217.7000,230.5000,214.1000,221.4500,216.6609,11696941,0.0000
2022-02-25,224.1000,227.5500,203.3000,220.0500,215.2912,23033770,0.0000
2022-02-18,225.4000,236.7500,215.0000,225.8000,220.9168,19516537,0.0000
2022-02-11,256.4000,256.8000,230.3500,232.3000,227.2763,20556453,0.0000
2022-02-04,247.9000,257.8500,244.7000,254.3500,248.8494,21252826,0.0000
2022-01-28,242.1000,249.9000,222.8000,244.0500,238.7722,18765483,0.0000
2022-01-21,245.9500,252.0500,236.3500,242.0500,236.8154,16432188,0.0000
2022-01-14,231.3000,248.5000,230.4000,244.2000,238.9189,12652033,0.0000
2022-01-07,221.4000,232.9000,216.1000,229.7000,224.7325,9992794,0.0000
2021-12-31,216.2500,223.2000,213.7500,220.9000,216.1228,8076600,0.0000
2021-12-24,210.6500,221.2500,202.8000,216.8500,212.1604,15202779,0.0000
2021-12-17,230.1000,236.5500,214.0000,215.8000,211.1331,15682200,0.0000
2021-12-10,225.3000,231.0000,220.2000,227.8500,222.9225,12698042,0.0000
2021-12-03,224.1500,231.9000,213.2000,225.6000,220.7212,30009513,0.0000
2021-11-26,239.9000,246.6500,222.0500,227.3000,222.3844,29862530,0.0000
2021-11-18,242.0000,252.5000,232.4500,236.9500,231.8257,24533616,0.0000
2021-11-12,233.2000,248.0000,228.8000,239.9500,234.7608,31851354,0.0000
2021-11-03,219.8000,234.9500,214.4000,228.7000,223.7541,18782162,0.0000
2021-10-29,225.0000,232.8500,201.2000,214.2500,209.6166,49446150,0.0000
2021-10-22,232.0000,269.7000,216.1000,222.1500,217.3458,84116246,0.0000
2021-10-14,178.4500,236.2500,177.1000,222.4500,217.6393,59131211,0.0000
2021-10-08,166.4500,184.8000,164.0000,176.9000,173.0744,42629729,0.0000
2021-10-01,139.4000,165.0000,136.7500,163.7500,160.2087,37692586,0.0000
2021-09-24,137.8000,145.4000,131.2000,139.1000,136.0918,24891056,0.0000
2021-09-17,133.0000,142.3000,130.4000,137.9000,134.9178,15341519,0.0000
2021-09-09,134.5500,134.6500,129.3000,132.7500,129.8791,8634919,0.0000
2021-09-03,128.2000,135.4000,128.0500,133.8500,130.9554,11413106,0.0000
2021-08-27,126.4000,127.8500,121.7500,127.2000,124.4492,12063229,0.0000
2021-08-20,132.7500,134.1000,125.3000,126.4000,123.6665,6112225,0.0000
2021-08-13,137.9000,137.9000,126.5500,132.5500,129.6835,13913953,0.0000
2021-08-06,126.7000,136.8000,125.5000,135.1500,132.2272,22964337,0.0000
2021-07-30,123.4000,126.6000,118.4000,125.0000,122.2968,11193815,0.0000
2021-07-23,126.6500,128.4000,121.2000,122.9000,120.2422,12431760,0.0000
2021-07-16,126.4000,126.4500,122.9500,124.1500,121.4651,9221831,0.0000
2021-07-09,122.3000,126.9000,121.8000,124.5000,121.8076,18831930,0.0000
2021-07-02,122.2000,124.6500,120.7000,120.9500,118.3343,12350979,0.0000
2021-06-25,118.5000,125.1000,118.0000,121.1000,118.4811,16945719,0.0000
2021-06-18,126.8500,127.9000,116.6000,121.4000,118.7746,29013366,1.5500
2021-06-11,109.3500,132.5000,108.3500,125.6500,121.4198,59365331,0.0000
2021-06-04,104.3000,110.5000,103.7000,108.1000,104.4607,10220484,0.0000
2021-05-28,105.8500,109.3000,104.6000,105.3500,101.8033,9440675,0.0000
2021-05-21,102.8000,107.3500,101.7000,104.9000,101.3684,8736046,0.0000
2021-05-14,104.0000,111.1500,101.0500,101.4500,98.0346,19963091,0.0000
2021-05-07,98.7500,104.6000,96.3000,102.6500,99.1942,13331296,0.0000
2021-04-30,95.7500,101.4000,95.5000,98.8500,95.5221,11993175,0.0000
2021-04-23,93.3000,96.8500,91.8000,95.6500,92.4298,9455178,0.0000
2021-04-16,101.4000,101.4000,89.9500,97.1500,93.8793,17604550,0.0000
2021-04-09,105.3000,107.2500,100.5000,104.0500,100.5470,12356617,0.0000
2021-04-01,105.4000,105.8000,102.8000,105.0500,101.5134,6624996,0.0000
2021-03-26,105.2500,106.5000,96.5500,103.4500,99.9672,21516892,0.0000
2021-03-19,114.9500,114.9500,96.0000,104.2000,100.6920,31636067,0.0000
2021-03-12,109.0000,114.4500,104.7000,113.2500,109.4373,28394702,0.0000
2021-03-05,97.0000,114.0000,95.6500,107.3000,103.6876,31681608,0.0000
2021-02-26,91.0000,97.6000,89.0000,95.1000,91.8983,26517984,0.0000
2021-02-19,88.2000,94.8500,86.3500,91.1500,88.0813,20052925,0.0000
2021-02-12,87.6000,91.6500,86.0500,87.3000,84.3609,10741885,0.0000
2021-02-05,76.9000,91.5000,74.5000,87.4000,84.4576,22182962,0.0000
2021-01-29,84.9000,84.9000,74.5000,75.4000,72.8616,9917575,0.0000
2021-01-22,85.4500,86.4500,77.9500,79.3500,76.6786,9917632,0.0000
2021-01-15,83.3000,87.9500,82.1500,85.5000,82.6215,14473894,0.0000
2021-01-08,77.6000,84.6000,77.6000,83.0500,80.2540,15547823,0.0000
2021-01-01,75.4500,79.0000,75.2000,77.3500,74.7459,7333039,0.0000
2020-12-24,76.0000,76.0000,66.4000,74.4000,71.8952,11206740,0.0000
2020-12-18,73.2000,76.7000,72.5500,76.1500,73.5863,10911110,0.0000
2020-12-11,72.9000,75.0000,70.2500,72.8000,70.3491,17382768,0.0000
2020-12-04,65.4500,73.6000,65.0000,71.6500,69.2378,14448217,0.0000
2020-11-27,58.5500,65.2500,57.8500,64.9500,62.7634,14022152,0.0000
2020-11-20,56.0000,61.4500,55.9500,58.1000,56.1440,9901582,0.0000
2020-11-13,55.5000,58.5000,54.0000,55.2500,53.3899,12185888,0.0000
2020-11-06,52.9000,56.7500,52.0500,54.6500,52.8101,6830482,0.0000
2020-10-30,55.2500,55.6500,51.6500,52.1500,50.3943,5336952,0.0000
2020-10-23,54.9000,56.1000,53.1000,55.2500,53.3899,3898855,0.0000
2020-10-16,54.4500,55.0500,52.2500,54.1500,52.3270,4857184,0.0000
2020-10-09,54.4500,56.9000,53.6000,54.4500,52.6169,4271057,0.0000
2020-10-01,53.5000,54.7000,53.0000,54.4500,52.6169,3613209,0.0000
2020-09-25,56.0000,56.5000,50.0000,53.1000,51.3123,9341232,0.0000
2020-09-18,57.0000,58.7000,55.8500,56.1500,54.2596,6111135,0.0000
2020-09-11,59.9000,59.9000,52.5000,56.7000,54.7911,6139470,0.0000
2020-09-04,61.6500,61.7500,57.9000,58.8000,56.8204,7887318,0.0000
2020-08-28,62.5000,63.3000,59.0500,61.1500,59.0913,16514240,0.0000
2020-08-21,55.1500,63.4500,54.9500,61.9000,59.8161,19338921,0.0000
2020-08-14,50.4500,57.8500,49.8500,54.9500,53.1000,12151339,0.0000
2020-08-07,48.7000,50.6000,48.4000,49.6500,47.9785,3639820,0.0000
2020-07-31,48.9000,50.4500,47.5000,48.7000,47.0604,4452044,0.0000
2020-07-24,49.6000,51.4500,48.5500,48.9000,47.2537,5101961,0.0000
2020-07-17,51.0000,51.0000,46.0000,49.3000,47.6402,7222457,1.5500
2020-07-10,50.9000,53.2000,49.6500,50.3500,47.1344,13043485,0.0000
2020-07-03,46.7500,51.1500,44.0500,49.9500,46.7600,15459950,0.0000
2020-06-26,43.4000,47.3500,42.8000,46.3500,43.3899,14994673,0.0000
2020-06-19,42.3500,43.9000,40.2000,43.2500,40.4879,12320947,0.0000
2020-06-12,44.5500,44.8000,38.0000,41.7500,39.0837,8511721,0.0000
2020-06-05,37.4000,44.3000,37.3000,43.9500,41.1432,14815684,0.0000
2020-05-29,33.6000,37.5500,33.6000,36.6000,34.2626,9445284,0.0000
2020-05-22,32.4000,34.6000,30.2500,33.7500,31.5946,13335234,0.0000
2020-05-15,29.3000,33.2000,27.0000,31.4000,29.3947,9561842,0.0000
2020-05-08,31.9000,31.9000,27.7000,28.4500,26.6331,3384616,0.0000
2020-04-30,31.2500,32.1500,30.5500,31.7500,29.7223,2555173,0.0000
2020-04-24,34.8000,34.8000,30.8500,31.1000,29.1138,2797444,0.0000
2020-04-17,36.5500,37.5000,34.2000,34.4500,32.2499,1921387,0.0000
2020-04-09,31.1000,36.8000,30.8000,36.5000,34.1690,1892503,0.0000
2020-04-03,34.2000,34.3500,30.0000,30.2000,28.2713,1272403,0.0000
2020-03-27,34.5000,36.9000,31.3000,33.9500,31.7818,2279561,0.0000
2020-03-20,41.9000,42.4000,32.7000,36.8000,34.4498,3943814,0.0000
2020-03-13,43.0000,43.0000,34.0000,42.1500,39.4581,6278700,0.0000
2020-03-06,47.0000,47.8000,41.5500,43.0500,40.3006,3429712,0.0000
2020-02-28,51.9000,52.9000,46.1000,46.6500,43.6707,3824848,0.0000
2020-02-20,54.0000,54.1000,50.5500,51.6000,48.3046,2001394,0.0000
2020-02-14,57.9000,58.2500,53.5500,53.7500,50.3173,1034485,0.0000
2020-02-07,55.7000,58.1500,54.6500,57.9500,54.2491,1546852,0.0000
2020-01-31,61.1000,62.0000,57.7000,58.0500,54.3427,1658610,0.0000
2020-01-24,61.6000,61.9500,58.9500,61.1500,57.2447,1207518,0.0000
2020-01-17,59.9000,62.1000,58.9000,61.5000,57.5723,1849723,0.0000
2020-01-10,57.7000,59.5000,55.7500,58.9500,55.1852,1965344,0.0000
2020-01-03,56.2000,58.5000,55.7500,57.7500,54.0618,1548596,0.0000
2019-12-27,55.1000,56.6000,55.0000,56.1500,52.5640,1186293,0.0000
2019-12-20,54.7500,56.2500,54.1000,55.4000,51.8619,2145539,0.0000
2019-12-13,53.5000,54.6500,51.0500,54.0000,50.5513,2775835,0.0000
2019-12-06,56.6000,57.2000,53.2500,53.5000,50.0833,2238864,0.0000
2019-11-29,55.1500,58.9500,55.1500,57.4000,53.7342,4134519,0.0000
2019-11-22,54.9000,56.5500,54.3500,55.1500,51.6279,1829381,0.0000
2019-11-15,61.0000,61.0000,54.2500,54.5000,51.0194,13422564,0.0000
2019-11-08,59.8500,60.8000,57.5500,59.5000,55.7001,3036064,0.0000
2019-11-01,58.8500,60.2500,58.0000,59.5500,55.7469,3118477,0.0000
2019-10-25,59.8500,62.2000,57.3000,57.6500,53.9682,4111931,0.0000
2019-10-18,60.9500,61.4000,57.6000,60.0500,56.2150,3978819,0.0000
2019-10-11,58.6500,62.2000,56.7500,61.0500,57.1511,8381505,0.0000
2019-10-04,62.2000,62.9500,57.8000,58.0500,54.3427,4029397,0.0000
2019-09-27,68.0000,68.8000,61.9500,62.1000,58.1340,5375596,0.0000
2019-09-20,63.9500,68.4500,63.1000,67.0000,62.7211,17309561,0.0000
2019-09-13,58.5000,65.0500,57.8500,64.3000,60.1935,18093773,0.0000
2019-09-06,55.3500,59.3500,53.0000,58.0000,54.2959,3733499,0.0000
2019-08-30,55.0000,57.0000,53.8000,56.7500,53.1257,3620838,0.0000
2019-08-23,56.8000,58.0500,50.4000,54.4500,50.9726,4596294,0.0000
2019-08-16,58.3000,58.3000,54.0500,56.1000,52.5172,1529034,0.0000
2019-08-09,58.7500,60.2500,56.8000,57.5500,53.8746,2790085,0.0000
2019-08-02,62.3000,63.2500,57.7000,59.2000,55.4192,2822660,0.0000
2019-07-26,66.8000,67.9500,61.0000,62.3000,58.3213,5506873,0.0000
2019-07-19,68.3500,70.0000,65.2000,66.4500,62.2062,1600213,0.0000
2019-07-12,70.4500,70.4500,66.2000,68.1500,63.7977,1482599,0.0000
2019-07-05,69.3000,74.0500,68.2000,70.6500,66.1380,3129532,0.0000
2019-06-28,65.7000,70.1500,64.5000,69.0000,64.5934,2482186,0.0000
2019-06-21,65.8000,65.8000,63.0000,65.2000,61.0361,2819667,0.0000
2019-06-14,66.5000,67.7500,64.8500,65.1500,60.9892,3714098,0.0000
2019-06-07,68.9500,69.1000,64.0000,66.1000,61.8786,1762903,1.3000
2019-05-31,67.0000,71.1500,67.0000,68.8500,63.2280,6138507,0.0000
2019-05-24,63.0000,68.0000,63.0000,67.7000,62.1719,5028818,0.0000
2019-05-17,63.3000,64.3500,60.9000,61.4500,56.4322,2775954,0.0000
2019-05-10,66.9500,66.9500,63.2000,63.9000,58.6822,2146966,0.0000
2019-05-03,67.6000,68.2000,65.5000,67.1500,61.6668,1904309,0.0000
2019-04-26,70.2000,70.3500,67.1500,67.7000,62.1719,3626860,0.0000
2019-04-18,73.2000,73.2000,70.0000,70.5500,64.7891,3322921,0.0000
2019-04-12,73.3000,74.5000,70.6500,72.9500,66.9932,8781552,0.0000
2019-04-05,74.4000,76.9000,70.5000,71.7500,65.8912,4715726,0.0000
2019-03-29,72.9500,74.5500,70.7000,73.8000,67.7738,2796498,0.0000
2019-03-22,74.0000,74.7500,71.7500,72.5000,66.5799,1390537,0.0000
2019-03-15,70.2000,74.6500,70.2000,73.7500,67.7278,7267998,0.0000
2019-03-08,67.5000,73.9000,67.3500,69.8500,64.1463,4139410,0.0000
2019-03-01,67.1000,67.9000,64.1000,67.0500,61.5749,2136595,0.0000
2019-02-22,69.4000,69.5000,64.6500,67.1000,61.6209,1548675,0.0000
2019-02-15,68.1000,70.2000,64.5500,69.2500,63.5953,3772964,0.0000
2019-02-08,71.5500,71.6000,68.1000,68.6500,63.0443,1471808,0.0000
2019-02-01,74.1000,74.1000,67.7500,71.4500,65.6157,5735347,0.0000
2019-01-25,76.0000,77.9000,73.4500,73.9500,67.9115,4034815,0.0000
2019-01-18,74.9500,76.8500,73.6000,76.0000,69.7941,7286061,0.0000
2019-01-11,75.3500,75.7000,73.8000,75.0000,68.8758,1699818,0.0000
2019-01-04,77.0500,77.9000,73.8000,75.1500,69.0135,2091646,0.0000
2018-12-28,76.1500,78.5000,74.9500,77.1500,70.8502,3678083,0.0000
2018-12-21,79.9000,80.6500,76.1000,76.5000,70.2533,3114888,0.0000
2018-12-14,78.3000,81.3000,75.9500,79.3500,72.8706,2289597,0.0000
2018-12-07,76.9000,83.7500,76.8000,79.3000,72.8247,4513075,0.0000
2018-11-30,75.0500,76.6500,73.4000,76.2500,70.0237,2331674,0.0000
2018-11-22,76.8000,78.9000,74.5000,74.9000,68.7839,1976025,0.0000
2018-11-16,75.3000,79.9500,73.0500,76.6500,70.3910,2500744,0.0000
2018-11-09,75.6000,77.0000,75.1000,75.8000,69.6105,416435,0.0000
2018-11-06,75.2500,77.0500,73.3500,75.4500,69.2890,588182,0.0000
2018-11-02,69.5000,86.1500,68.5000,75.8500,69.6564,8831497,0.0000
2018-10-26,70.8000,71.4500,67.6000,68.9500,63.3198,1547883,0.0000
2018-10-19,70.0000,74.6000,68.9000,70.2000,64.4677,2674471,0.0000
2018-10-12,63.0000,72.1500,59.9000,68.8500,63.2280,8014400,0.0000
2018-10-05,66.0000,69.3000,62.3500,63.0000,57.8557,1827694,0.0000
2018-09-28,73.5000,73.5000,65.5500,65.9500,60.5648,2666749,0.0000
2018-09-21,76.4000,78.9500,68.0500,72.8000,66.8554,2456772,0.0000
2018-09-14,75.2500,76.8500,72.9500,76.1000,69.8860,1557963,0.0000
2018-09-07,77.0000,78.9000,72.7000,75.2500,69.1054,2073616,0.0000
2018-08-31,72.0000,77.4000,71.9500,76.6000,70.3451,3306385,0.0000
2018-08-24,68.9500,73.5500,68.7000,71.7000,65.8452,1099249,0.0000
2018-08-17,69.2500,70.1500,67.0000,68.6500,63.0443,736730,0.0000
2018-08-10,72.5000,72.8000,69.1000,69.4000,63.7331,993571,0.0000
2018-08-03,72.0000,74.9000,71.0000,72.2500,66.3503,1377563,0.0000
2018-07-27,68.0000,72.4000,66.6500,71.8500,65.9830,2300089,0.0000
2018-07-20,70.0000,71.6000,67.1500,67.8500,62.3096,880988,0.0000
2018-07-13,71.6000,74.0000,69.1500,70.0000,64.2841,2981076,1.3000
2018-07-06,73.1500,73.8000,71.0500,71.7000,64.6597,1921500,0.0000
2018-06-29,76.7000,77.2500,71.0000,73.0500,65.8771,1523663,0.0000
2018-06-22,76.9500,76.9500,72.9000,76.1000,68.6276,1058692,0.0000
2018-06-15,77.9500,80.3000,75.9500,76.1500,68.6727,1362025,0.0000
2018-06-08,79.7000,80.0000,76.0500,77.9500,70.2960,1891348,0.0000
2018-06-01,81.4000,83.9000,78.3500,79.6000,71.7839,3813129,0.0000
2018-05-25,80.1500,83.0000,75.1500,81.1500,73.1818,1228110,0.0000
2018-05-18,81.4500,82.3000,80.2500,80.6000,72.6858,693142,0.0000
2018-05-11,85.0000,86.0000,80.7000,81.4500,73.4523,1548294,0.0000
2018-05-04,88.0000,89.5000,83.4500,85.0000,76.6537,1825551,0.0000
2018-04-27,86.0000,88.2000,84.5000,87.6000,78.9984,878419,0.0000
2018-04-20,87.0000,88.4000,85.6000,85.8500,77.4203,881491,0.0000
2018-04-13,84.0000,88.6500,83.9500,87.5000,78.9082,2854185,0.0000
2018-04-06,78.1000,85.9000,78.1000,84.2500,75.9774,1124238,0.0000
2018-03-28,80.7500,81.5000,78.8000,79.3500,71.5585,929247,0.0000
2018-03-23,80.4500,80.6000,78.1000,79.7500,71.9192,2305671,0.0000
2018-03-16,80.5000,82.1000,79.7000,79.9500,72.0996,2229437,0.0000
2018-03-09,84.3000,84.5000,77.0000,79.9000,72.0545,4105820,0.0000
2018-03-01,85.7500,87.0000,84.0000,84.2000,75.9323,1654390,0.0000
2018-02-23,86.5500,87.8000,83.7000,85.6500,77.2399,1412422,0.0000
2018-02-16,85.7500,88.7500,85.3000,86.5500,78.0515,1677276,0.0000
2018-02-09,83.9000,86.3000,80.0000,85.1000,76.7439,3748300,0.0000
2018-02-02,90.3000,91.3500,84.4000,84.8500,76.5184,3317536,0.0000
2018-01-25,92.5000,93.4000,89.6000,90.1500,81.2980,1991758,0.0000
2018-01-19,99.1000,99.9000,90.1000,92.2500,83.1918,3616517,0.0000
2018-01-12,100.4500,101.5000,97.1500,99.1000,89.3692,3896897,0.0000
2018-01-05,94.0500,101.7500,92.5000,99.6000,89.8201,9888358,0.0000
2017-12-29,96.0000,96.2000,91.7000,93.8500,84.6347,3420723,0.0000
2017-12-22,90.0000,93.9000,88.4500,93.0500,83.9133,15939034,0.0000
2017-12-15,92.3000,94.0000,89.4000,91.2500,82.2900,2408967,0.0000
2017-12-08,91.1000,95.0000,87.1500,91.6500,82.6507,3468877,0.0000
2017-12-01,93.7000,97.0500,89.9000,90.3500,81.4784,5532661,0.0000
2017-11-24,89.4500,94.9500,89.0500,93.8000,84.5896,5680217,0.0000
2017-11-17,83.0000,90.4000,81.6000,88.9500,80.2159,2704309,0.0000
2017-11-10,84.0500,86.6500,82.4000,82.8500,74.7148,2015161,0.0000
2017-11-03,85.4000,88.4000,83.8000,84.5500,76.2479,4773076,0.0000
2017-10-27,81.6000,85.7500,81.2500,85.2500,76.8792,3171725,0.0000
2017-10-18,81.2000,82.2000,81.1000,81.8500,73.8130,665960,0.0000
2017-10-13,80.2500,82.5500,80.2500,81.6000,73.5876,2067752,0.0000
2017-10-06,78.4000,80.6500,77.1000,80.4500,72.5505,1303680,0.0000
2017-09-29,81.5500,83.5000,77.3000,77.7500,70.1156,3186399,0.0000
2017-09-22,84.5000,86.5000,80.1500,80.5000,72.5956,3005238,0.0000
2017-09-15,77.5500,87.3000,77.5500,84.4000,76.1126,6868170,0.0000
2017-09-08,80.0000,80.0000,76.8000,76.9500,69.3942,1264469,0.0000
2017-09-01,79.0000,80.7000,76.7000,79.7500,71.9192,1374458,0.0000
2017-08-24,80.0000,81.3500,78.6500,79.2500,71.4683,970960,0.0000
2017-08-18,76.9500,83.5500,76.5000,80.3000,72.4152,2119056,0.0000
2017-08-11,80.2500,80.8500,75.9000,76.6500,69.1236,778178,1.3000
2017-08-04,82.5000,83.4000,79.7500,80.2500,71.1601,798624,0.0000
2017-07-28,83.0000,84.0000,81.2000,81.8000,72.5345,654920,0.0000
2017-07-21,82.9500,84.1000,81.9500,83.3000,73.8646,949834,0.0000
2017-07-14,82.2500,84.0500,82.2500,82.9500,73.5542,2243820,0.0000
2017-07-07,80.5000,82.9000,79.9000,81.5500,72.3128,1010862,0.0000
2017-06-30,82.0000,83.9000,80.3000,80.5500,71.4261,1035544,0.0000
2017-06-23,78.2500,83.4000,77.2000,81.4000,72.1798,2767100,0.0000
2017-06-16,77.7500,79.6000,76.7000,77.8500,69.0319,1281070,0.0000
2017-06-09,81.2500,81.6000,77.5000,77.7000,68.8989,880282,0.0000
2017-06-02,81.5000,82.7000,79.8000,80.8500,71.6921,988259,0.0000
2017-05-26,84.9000,84.9000,79.5000,80.9500,71.7808,1409507,0.0000
2017-05-19,82.1000,86.4000,82.1000,84.2000,74.6627,2406541,0.0000
2017-05-12,83.0500,83.5000,81.5000,82.1000,72.8005,2312984,0.0000
2017-05-05,84.0000,84.5000,81.9000,83.1500,73.7316,967916,0.0000
2017-04-28,84.5000,86.8500,82.7500,84.1500,74.6183,1060749,0.0000
2017-04-21,84.2000,86.6000,83.2000,83.9500,74.4410,1379145,0.0000
2017-04-13,87.3000,90.2000,81.3000,84.3500,74.7957,4036831,0.0000
2017-04-07,91.2500,91.2500,86.3500,87.2000,77.3229,1277874,0.0000
2017-03-31,87.0000,91.1000,85.6000,90.5000,80.2491,2013087,0.0000
2017-03-24,86.3500,88.0000,86.1000,86.5000,76.7021,2970986,0.0000
2017-03-17,83.8000,87.1500,82.3500,86.1000,76.3474,3583640,0.0000
2017-03-10,81.9500,83.8000,81.3000,81.9500,72.6675,1971899,0.0000
2017-03-03,83.5000,84.5500,80.7500,81.9500,72.6675,2725644,0.0000
2017-02-23,84.1500,86.0000,83.1000,83.5000,74.0420,4436529,0.0000
2017-02-17,82.5000,84.8000,81.4000,84.1500,74.6183,1617348,0.0000
2017-02-10,81.3000,82.9500,80.6000,81.5500,72.3128,1661187,0.0000
2017-02-03,81.0000,83.4000,79.0000,80.4500,71.3374,1882247,0.0000
2017-01-27,77.7000,81.5000,77.3000,81.0000,71.8251,1167528,0.0000
2017-01-20,79.0000,79.7000,77.2000,77.4000,68.6329,4224488,0.0000
2017-01-13,77.0500,80.2500,76.2000,79.3000,70.3177,1673089,0.0000
2017-01-06,76.5000,77.6000,75.1000,77.1500,68.4112,926007,0.0000
2016-12-30,74.0000,77.9500,72.9000,75.7000,67.1255,1083844,0.0000
2016-12-23,76.6000,79.3500,72.6000,73.9500,65.5737,1264977,0.0000
2016-12-16,76.9500,80.2000,75.8000,76.5500,67.8792,1723945,0.0000
2016-12-09,73.5000,77.9000,72.9000,77.1500,68.4112,2787955,0.0000
2016-12-02,70.0000,75.1500,70.0000,73.6000,65.2633,2482161,0.0000
2016-11-25,70.2000,70.6500,68.0000,69.9500,62.0268,909074,0.0000
2016-11-18,72.4000,72.5000,68.6000,70.0500,62.1154,1516500,0.0000
2016-11-11,74.6500,77.0000,67.1000,72.0500,63.8889,1967828,0.0000
2016-11-04,78.2500,79.5000,74.1500,74.6500,66.1944,1162000,0.0000
2016-10-28,84.0500,84.4500,76.0500,78.4500,69.5640,1965975,0.0000
2016-10-21,79.0000,83.8000,77.4000,83.5500,74.0863,2174164,0.0000
2016-10-14,80.9000,80.9000,77.5500,78.4500,69.5640,350364,0.0000
2016-10-10,81.0500,82.0000,80.6000,80.9000,71.7365,315068,0.0000
2016-10-07,75.4500,81.0000,75.4500,80.5000,71.3818,3092530,0.0000
2016-09-30,75.6500,76.6000,71.8000,75.3000,66.7708,5628117,0.0000
2016-09-23,75.0000,77.3500,74.1500,75.6000,67.0368,1639528,0.0000
2016-09-16,76.1000,76.9500,73.6000,75.2000,66.6821,2072954,0.0000
2016-09-09,78.9000,79.5000,76.2500,77.1000,68.3669,3053780,1.3000
2016-09-02,75.3000,80.3500,75.1500,78.6500,68.5849,3097460,0.0000
2016-08-26,78.4000,79.2000,73.8000,75.7000,66.0124,4145385,0.0000
2016-08-19,75.0000,78.4500,75.0000,77.9500,67.9745,2765378,0.0000
2016-08-12,71.9000,76.3000,71.1000,74.9500,65.3584,4324317,0.0000
2016-08-05,72.1500,73.1000,70.6500,71.1000,62.0011,2063347,0.0000
2016-07-29,72.5000,73.0000,70.5000,72.0000,62.7859,1553908,0.0000
2016-07-22,72.0000,73.0500,69.7000,72.0500,62.8295,1487009,0.0000
2016-07-15,73.5000,74.4000,71.1000,71.5500,62.3935,1864808,0.0000
2016-07-08,74.6500,75.5000,72.9000,73.3500,63.9631,1078707,0.0000
2016-07-01,72.6500,74.9500,71.6000,74.4500,64.9224,1780732,0.0000
2016-06-24,73.0000,75.4000,69.4000,72.6500,63.3527,2362473,0.0000
2016-06-17,77.5000,77.9500,72.4500,73.6500,64.2248,2718919,0.0000
2016-06-10,74.0000,77.1500,72.9000,76.0000,66.2740,2330062,0.0000
2016-06-03,72.5000,75.9000,71.7500,73.8500,64.3992,2146785,0.0000
2016-05-27,71.2000,74.7000,70.3000,72.7000,63.3963,2804674,0.0000
2016-05-20,70.4000,70.8000,68.1000,69.4000,60.5186,1453563,0.0000
2016-05-13,72.9000,74.0000,69.6000,70.3000,61.3035,1527140,0.0000
2016-05-06,70.6000,73.4500,69.4000,72.1000,62.8731,2327773,0.0000
2016-04-29,70.0000,72.4500,68.4500,70.5500,61.5215,1771683,0.0000
2016-04-22,70.0000,71.4500,68.7000,69.9500,60.9983,1420641,0.0000
2016-04-13,65.9500,70.1500,65.6000,69.9500,60.9983,7251110,0.0000
2016-04-08,65.9000,70.0000,60.6000,65.7500,57.3357,9135549,0.0000
2016-04-01,63.5000,65.5000,60.3500,65.2000,56.8561,3357748,0.0000
2016-03-23,58.0000,63.3000,58.0000,62.6500,54.6325,1669647,0.0000
2016-03-18,58.9000,59.7500,58.0000,58.4500,50.9699,3427289,0.0000
2016-03-11,59.3000,59.9000,57.5500,58.8000,51.2752,1258053,0.0000
2016-03-04,57.9000,59.9000,56.3500,59.2000,51.6240,1876712,0.0000
2016-02-26,59.0500,59.4000,56.9500,57.6500,50.2723,1028393,0.0000
2016-02-19,56.7500,61.9000,56.7500,58.8000,51.2752,2790766,0.0000
2016-02-12,60.0000,60.6000,55.0000,56.5500,49.3131,2283184,0.0000
2016-02-05,61.0000,61.0000,56.5500,60.4000,52.6704,2174180,0.0000
2016-01-29,62.5000,62.6000,59.9500,60.3500,52.6268,953023,0.0000
2016-01-22,61.1000,64.9000,60.2500,61.8000,53.8912,2074635,0.0000
2016-01-15,68.0000,68.2500,61.1500,61.7500,53.8476,1579388,0.0000
2016-01-08,69.1000,70.7500,65.8500,68.6500,59.8646,1959922,0.0000
2016-01-01,66.7500,69.4500,66.7500,68.9000,60.0826,1731586,0.0000
2015-12-24,65.0000,66.5000,64.5000,66.3500,57.8590,1140679,0.0000
2015-12-18,62.0000,65.9500,61.0500,65.1500,56.8125,1999660,0.0000
2015-12-11,65.0000,65.0000,61.0000,61.9000,53.9784,1472852,0.0000
2015-12-04,66.9500,68.0000,64.2000,64.3500,56.1149,1674293,0.0000
2015-11-27,66.4500,67.3500,66.0000,66.2500,57.7718,1101173,0.0000
2015-11-20,68.0000,68.6000,65.6500,66.5500,58.0334,1494767,0.0000
2015-11-13,68.5500,68.8500,67.6000,68.3000,59.5594,296569,0.0000
2015-11-10,67.0000,69.9000,66.0500,67.9500,59.2542,1523714,0.0000
2015-11-06,68.8000,69.7000,66.7000,67.6000,58.9490,1345331,0.0000
2015-10-30,72.0000,72.0000,68.6000,68.9000,60.0826,2249827,0.0000
2015-10-23,70.0000,72.4500,68.8500,70.4000,61.3907,1459752,0.0000
2015-10-16,70.0000,71.2500,69.0000,69.6000,60.6930,1087880,0.0000
2015-10-09,66.9000,71.0000,65.8500,69.6500,60.7366,1944878,0.0000
2015-10-01,65.9500,67.4500,62.5000,65.7500,57.3357,1042541,0.0000
2015-09-24,63.9000,66.3000,62.0000,64.9500,56.6381,1146119,0.0000
2015-09-18,60.0000,64.6500,59.5000,64.0000,55.8097,974270,0.0000
2015-09-11,57.6000,61.5000,55.5500,59.5500,51.9292,2198471,0.0000
2015-09-04,61.0000,62.1000,56.1000,56.5500,49.3131,3976949,0.0000
2015-08-28,66.5000,66.8500,55.7000,61.0500,53.2372,3436404,0.0000
2015-08-21,69.7000,70.0000,66.1000,68.1500,59.4286,1960016,0.0000
2015-08-14,69.6000,70.8500,67.3500,69.7000,60.7802,2258758,0.0000
2015-08-07,68.7000,70.9000,68.6000,69.1500,60.3006,1129546,0.0000
2015-07-31,71.6500,72.1000,67.0000,68.6000,59.8210,1917445,0.0000
2015-07-24,75.9000,75.9000,71.4500,71.6500,62.4807,3886471,1.3000
2015-07-17,71.7000,76.7500,71.5000,75.9500,65.0968,1354483,0.0000
2015-07-10,74.0000,75.1500,71.3000,71.7000,61.4541,847203,0.0000
2015-07-03,73.0000,75.4000,72.0000,74.2000,63.5969,1376767,0.0000
2015-06-26,72.2000,75.5000,71.6000,73.8000,63.2540,1378115,0.0000
2015-06-19,72.9500,74.2500,71.4000,72.1500,61.8398,3661841,0.0000
2015-06-12,71.0000,74.6000,69.6500,72.6000,62.2255,2135596,0.0000
2015-06-05,75.2500,76.9500,68.4000,70.6000,60.5113,2859745,0.0000
2015-05-29,75.7500,76.8000,73.7500,74.7500,64.0683,1345139,0.0000
2015-05-22,72.9500,79.8000,72.7000,75.7500,64.9254,3266032,0.0000
2015-05-15,74.0000,74.6500,71.2500,72.9500,62.5255,1803194,0.0000
2015-05-08,77.5000,77.7000,70.5500,73.1500,62.6969,2137408,0.0000
2015-04-30,77.9500,79.0500,74.6500,75.8500,65.0111,1044746,0.0000
2015-04-24,80.9500,81.0000,76.7000,77.9500,66.8110,7910645,0.0000
2015-04-17,79.0000,82.1500,79.0000,80.3500,68.8680,1300080,0.0000
2015-04-10,78.0000,79.5000,76.1500,78.9000,67.6252,1318742,0.0000
2015-04-01,75.6000,78.0000,73.6000,77.5500,66.4681,1419958,0.0000
2015-03-27,79.0000,79.5000,74.1000,75.1000,64.3682,1541453,0.0000
2015-03-20,80.7000,82.0500,78.6500,78.9000,67.6252,1639537,0.0000
2015-03-13,84.8500,84.8500,79.3500,79.7000,68.3109,1783776,0.0000
2015-03-05,85.5000,88.3500,83.8000,85.2500,73.0678,1807337,0.0000
2015-02-27,86.7000,87.8000,81.2000,87.3000,74.8249,2555759,0.0000
2015-02-20,84.6000,88.8000,83.5500,85.9500,73.6678,2422160,0.0000
2015-02-13,80.9500,84.6000,78.0000,84.3000,72.2536,3127241,0.0000
2015-02-06,91.1000,92.4000,80.7000,82.0000,70.2822,4866302,0.0000
2015-01-30,89.0000,91.5000,86.6500,90.5500,77.6104,2497489,0.0000
2015-01-23,82.6500,90.6500,81.5000,88.8000,76.1105,2241601,0.0000
2015-01-16,79.4500,82.6000,78.2500,82.4500,70.6679,1269975,0.0000
2015-01-09,84.0000,84.8000,78.2000,79.8000,68.3966,1968090,0.0000
2015-01-02,81.2000,83.7000,81.1000,83.3500,71.4393,1076856,0.0000
2014-12-26,84.0000,84.4500,80.4500,81.2000,69.5966,1293579,0.0000
2014-12-19,83.6500,85.4500,76.8000,83.4000,71.4822,2610132,0.0000
2014-12-12,88.4000,91.1000,83.7500,84.2000,72.1679,1962499,0.0000
2014-12-05,92.9000,93.1500,88.7500,89.2500,76.4962,1320848,0.0000
2014-11-28,88.2000,93.6500,88.1500,93.0000,79.7103,2437069,0.0000
2014-11-21,88.7000,90.6000,87.2500,88.1000,75.5105,1470816,0.0000
2014-11-14,91.3000,94.1000,85.5000,88.8500,76.1534,2088088,0.0000
2014-11-07,94.0000,94.9000,90.6500,91.3000,78.2533,1468407,0.0000
2014-10-31,88.5000,94.3000,87.4000,93.7500,80.3532,3598407,0.0000
2014-10-22,86.1500,88.8500,85.6500,87.7500,75.2106,871488,0.0000
2014-10-17,82.0000,87.4000,81.6500,85.5000,73.2821,1971576,0.0000
2014-10-10,80.7500,84.6500,79.8000,82.7000,70.8822,2783695,0.0000
2014-10-01,84.9500,85.0000,80.4000,80.9500,69.3823,1407232,0.0000
2014-09-26,87.7000,87.7500,82.0000,84.3000,72.2536,2664183,0.0000
2014-09-19,89.2000,90.0000,82.8000,87.9500,75.3820,2829477,0.0000
2014-09-12,88.5000,91.3500,87.3500,89.4000,76.6248,2774418,0.0000
2014-09-05,87.9500,91.2000,87.0000,88.2500,75.6391,2215214,0.0000
2014-08-28,93.7500,94.2000,86.2500,86.9000,74.4820,2259059,0.0000
2014-08-22,91.9000,95.3000,91.3500,93.5500,80.1817,2788215,0.0000
2014-08-14,92.3000,93.4500,87.4500,90.7000,77.7390,2670049,0.0000
2014-08-08,95.3000,97.9500,91.1000,91.4500,78.3818,2287194,0.0000
2014-08-01,101.0000,102.0000,94.5000,94.9500,81.3817,2378802,0.0000
2014-07-25,106.0000,106.8000,100.0500,100.8500,86.4386,2119931,1.2500
2014-07-18,102.3500,109.5500,102.2000,105.7500,89.5526,3069177,0.0000
2014-07-11,110.0000,112.1000,99.3500,101.8500,86.2500,6246229,0.0000
2014-07-04,104.7000,109.8000,104.4500,107.2000,90.7805,3496522,0.0000
2014-06-27,102.5000,105.7500,100.6500,103.8000,87.9013,2701475,0.0000
2014-06-20,103.0500,108.2000,98.6500,101.3500,85.8266,3882800,0.0000
2014-06-13,112.5000,115.2500,102.2000,103.6000,87.7319,6834558,0.0000
2014-06-06,105.0000,112.3500,102.8500,110.8000,93.8291,7893672,0.0000
2014-05-30,108.2000,109.4500,95.7500,103.8500,87.9436,7272138,0.0000
2014-05-23,92.0000,106.7000,92.0000,105.7500,89.5526,13070115,0.0000
2014-05-16,81.0000,92.9500,80.0500,90.6000,76.7231,5853568,0.0000
2014-05-09,80.0000,80.9500,75.8500,80.5500,68.2124,1943797,0.0000
2014-05-02,80.1500,84.1000,77.4000,79.9500,67.7043,3852704,0.0000
2014-04-25,83.5000,85.2500,82.2500,82.9000,70.2025,1787198,0.0000
2014-04-17,87.0000,87.0000,81.1000,83.7000,70.8799,1428720,0.0000
2014-04-11,84.6000,87.8500,82.1500,86.2500,73.0394,2888100,0.0000
2014-04-04,87.0000,87.8500,83.0000,83.3500,70.5836,3480375,0.0000
2014-03-28,80.4500,86.8500,79.6500,86.4000,73.1664,3269859,0.0000
2014-03-21,83.0000,85.3000,77.8000,79.7000,67.4926,2516686,0.0000
2014-03-14,79.4000,85.6000,77.8000,83.1500,67.9509,4124784,0.0000
2014-03-07,78.9000,80.6500,77.1500,79.1500,64.6820,3030469,0.0000
2014-02-28,83.0000,84.5000,78.2000,78.8500,64.4369,3315770,0.0000
2014-02-21,74.4000,79.9000,74.4000,78.7000,64.3143,2507211,0.0000
2014-02-14,75.0000,76.7500,73.0000,73.8500,60.3508,828463,0.0000
2014-02-07,75.4500,76.6500,71.5000,75.0000,61.2906,2253675,0.0000
2014-01-31,75.0000,75.0000,71.4500,73.9500,60.4326,1575799,0.0000
2014-01-24,78.2500,78.7000,75.3500,75.7500,61.9035,1461938,0.0000
2014-01-17,80.0000,81.2000,77.7500,78.4000,64.0691,1492790,0.0000
2014-01-10,83.9500,84.1500,79.3000,80.4000,65.7036,3363618,0.0000
2014-01-03,89.0000,92.0000,81.6000,84.0500,68.6864,4137806,0.0000
2013-12-27,90.0000,90.9000,86.0000,89.6000,73.2219,2484426,0.0000
2013-12-20,86.9000,92.4000,85.6000,90.6000,74.0391,2624358,0.0000
2013-12-13,90.1000,92.4500,84.9000,86.9500,71.0563,3385636,0.0000
2013-12-06,80.0000,89.1000,79.1000,88.1000,71.9961,3978243,0.0000
2013-11-29,77.0500,80.1000,77.0500,79.5000,64.9681,1633894,0.0000
2013-11-22,79.0500,80.5500,76.6000,77.0000,62.9250,2214695,0.0000
2013-11-14,82.0000,82.4000,77.5000,78.7000,64.3143,2008826,0.0000
2013-11-08,81.6500,85.8000,81.6000,82.3000,67.2563,2029523,0.0000
2013-11-01,80.3500,82.9500,78.5000,82.4500,67.3788,1442332,0.0000
2013-10-25,80.0000,83.9000,79.7000,80.0000,65.3767,2122750,0.0000
2013-10-18,81.7000,82.4500,78.3500,79.7500,65.1724,1183046,0.0000
2013-10-11,80.7500,86.0000,79.4500,81.8000,66.8476,3283214,0.0000
2013-10-04,81.7500,81.7500,77.6000,80.9500,66.1530,1340552,0.0000
2013-09-27,81.1500,83.9000,78.4000,81.6500,66.7251,1961805,0.0000
2013-09-20,79.0500,85.0000,74.8000,82.1500,67.1337,2655910,0.0000
2013-09-13,71.5500,79.0000,71.2500,78.2500,63.9466,3348013,0.0000
2013-09-06,77.0000,77.1000,69.8000,70.9000,57.9401,3005891,0.0000
2013-08-30,79.0000,81.7500,72.8500,75.8000,61.9444,2917581,0.0000
2013-08-23,74.7000,78.5500,72.5500,78.0500,63.7831,2413213,0.0000
2013-08-16,77.5000,78.5000,72.5000,73.2500,59.8605,1535934,0.0000
2013-08-08,85.0000,85.0000,68.2500,77.7000,63.4971,5276266,0.0000
2013-08-02,90.0000,90.4500,83.5000,84.3500,68.9315,736844,0.0000
2013-07-26,92.5000,95.1500,87.7500,88.9500,72.6907,1225328,1.1098
2013-07-19,89.5000,93.4000,87.0000,92.4000,74.5393,1002054,0.0000
2013-07-12,85.0000,89.8000,84.4000,89.4500,72.1595,929368,0.0000
2013-07-05,89.2000,89.2000,82.0000,85.6000,69.0537,1324065,0.0000
2013-06-28,81.8000,86.5000,79.4000,86.0500,69.4167,1294330,0.0000
2013-06-21,81.4000,84.9000,79.2500,81.6000,65.8269,1574562,0.0000
2013-06-14,89.8500,89.8500,77.2500,80.9500,65.3025,1944780,0.0000
2013-06-07,89.5000,89.7000,87.7000,88.6500,71.5141,1053462,0.0000
2013-05-31,91.5000,92.1500,88.8000,89.2500,71.9982,1266172,0.0000
2013-05-24,94.2000,94.7500,87.0500,91.4000,73.7326,1840104,0.0000
2013-05-17,94.4500,94.8000,92.0000,93.9000,75.7493,1246240,0.0000
2013-05-10,94.0000,95.0000,93.1000,94.0000,75.8300,2062527,0.0000
2013-05-03,95.0000,96.0000,93.5500,93.7500,75.6283,912326,0.0000
2013-04-26,95.3500,96.0000,94.2000,94.9000,76.5560,901998,0.0000
2013-04-18,95.0000,99.7000,93.7000,95.0000,76.6367,1197848,0.0000
2013-04-12,96.2000,97.2000,93.4500,95.1500,76.7577,1649762,0.0000
2013-04-05,95.1500,101.3500,94.5000,95.1500,76.7577,1332025,0.0000
2013-03-28,97.9500,97.9500,93.6500,96.4000,77.7661,609430,0.0000
2013-03-22,101.0000,101.0000,93.7000,95.8500,77.3224,1346848,0.0000
2013-03-15,99.0000,102.4500,97.3500,101.9000,82.2029,1574826,0.0000
2013-03-08,97.3500,99.7500,96.0000,98.8000,79.7022,1362186,0.0000
2013-03-01,97.3000,99.0000,93.0500,97.1500,78.3711,1071774,0.0000
2013-02-22,97.4500,98.5000,95.5000,97.2500,78.4518,966638,0.0000
2013-02-15,97.5000,98.3000,92.9000,96.7000,78.0081,1682141,0.0000
2013-02-08,103.3500,103.4000,96.0000,97.1000,78.3308,2521038,0.0000
2013-02-01,106.9500,107.6000,100.5500,102.6500,82.8080,5028966,0.0000
2013-01-25,109.0000,110.6000,105.5000,106.2000,85.6718,6476109,0.0000
2013-01-18,107.4500,108.9500,105.0000,108.2000,87.2852,903982,0.0000
2013-01-11,110.5000,110.9500,106.5000,106.8000,86.1558,876098,0.0000
2013-01-04,109.2500,112.5000,108.5000,110.1000,88.8179,1563935,0.0000
2012-12-28,106.4500,109.9000,105.8000,109.0500,87.9709,1003782,0.0000
2012-12-21,105.0000,108.2000,104.4500,105.9500,85.4701,3084488,0.0000
2012-12-14,110.7500,110.8000,104.2000,104.7500,84.5020,1921887,0.0000
2012-12-07,108.0000,113.2000,105.7000,109.7000,88.4952,2556519,0.0000
2012-11-30,102.9500,108.2500,102.6500,107.5500,86.7608,1263945,0.0000
2012-11-23,99.1500,102.3500,96.3500,102.0500,82.3239,1394122,0.0000
2012-11-16,100.7500,100.8500,98.5000,99.1500,79.9845,464897,0.0000
2012-11-12,101.7000,101.9500,99.2500,99.7500,80.4685,289415,0.0000
2012-11-09,106.0000,106.9500,100.8500,101.2000,81.6383,1815037,0.0000
2012-11-02,105.7500,107.5000,103.0000,106.5000,85.9138,1154949,0.0000
2012-10-26,105.0000,106.8500,103.2500,104.6500,84.4214,709272,0.0000
2012-10-19,103.1500,107.3500,101.1000,105.0000,84.7037,2240034,0.0000
2012-10-12,103.5000,104.0000,99.8000,102.3000,82.5256,1691995,0.0000
2012-10-05,106.0000,107.5000,101.6500,104.0500,83.9374,1765974,0.0000
2012-09-28,104.0000,110.5500,100.5500,106.9500,86.2768,5910365,0.0000
2012-09-21,99.2500,104.5000,97.0000,102.7000,82.8483,5687607,0.0000
2012-09-14,96.8000,99.2000,94.6000,97.8500,78.9358,1503902,0.0000
2012-09-07,100.0000,100.8000,94.0500,96.0000,77.4434,965403,0.0000
2012-08-31,98.9500,101.1500,96.1000,99.6000,80.3475,2377344,0.0000
2012-08-24,97.9500,100.6500,96.3000,98.3500,79.3392,659044,0.0000
2012-08-17,100.0000,103.0000,95.0000,97.3500,78.5324,1206089,0.0000
2012-08-10,98.2000,101.0000,96.6500,99.9500,80.6299,1978816,0.0000
2012-08-03,94.2000,100.4000,94.2000,97.2500,78.4518,859493,0.0000
2012-07-27,99.3500,100.5000,92.5500,94.6000,76.3140,1307292,1.2063
2012-07-20,99.4000,101.1000,95.1500,99.5500,79.2766,1462961,0.0000
2012-07-13,103.9000,103.9000,98.2500,98.7000,78.5997,1415736,0.0000
2012-07-06,106.2000,106.4000,102.9500,103.4500,82.3823,1708000,0.0000
2012-06-29,95.0000,105.9000,93.0000,104.7000,83.3778,2923430,0.0000
2012-06-22,94.6500,95.2000,90.2000,94.4000,75.1754,1760175,0.0000
2012-06-15,96.0000,98.5000,91.0500,93.5500,74.4985,1719412,0.0000
2012-06-08,90.9500,94.8000,88.6000,94.1500,74.9763,1366634,0.0000
2012-06-01,89.5000,95.5000,89.5000,92.4500,73.6225,1571900,0.0000
2012-05-25,91.5000,97.2000,85.8000,89.1500,70.9945,3496264,0.0000
2012-05-18,92.9000,96.2000,88.7000,91.4000,72.7863,1295208,0.0000
2012-05-11,99.9000,102.5500,90.8000,92.4500,73.6225,1203392,0.0000
2012-05-04,103.5000,106.4500,99.2500,100.2000,79.7942,1776579,0.0000
2012-04-27,105.3000,106.9000,101.8000,103.5500,82.4620,1738716,0.0000
2012-04-20,103.0000,109.2500,86.0000,105.0000,83.6167,1701283,0.0000
2012-04-13,101.2500,105.7000,83.0000,102.9500,81.9841,3330241,0.0000
2012-04-04,101.2000,104.6500,99.0000,100.9500,80.3914,1505506,0.0000
2012-03-30,100.2000,101.6000,93.0500,100.8500,80.3118,5071167,0.0000
2012-03-23,106.5000,106.5000,98.0000,99.5500,79.2766,2493840,0.0000
2012-03-16,110.7000,111.8000,105.0000,105.6500,84.1343,3631983,0.0000
2012-03-09,116.3000,116.3000,107.0500,108.7500,86.6030,1706232,0.0000
2012-03-02,113.9500,117.4500,108.1000,114.3500,91.0625,4128175,0.0000
2012-02-24,119.3000,121.5000,108.1000,113.4000,90.3060,3545236,0.0000
2012-02-17,109.8500,119.8000,102.7000,118.6500,94.4868,9282845,0.0000
2012-02-10,114.0000,115.0000,105.2500,110.8500,88.2753,3540863,0.0000
2012-02-03,104.7000,115.4000,102.3000,112.3500,89.4698,2611943,0.0000
2012-01-27,106.4000,108.4000,103.9000,104.9500,83.5768,1181976,0.0000
2012-01-20,96.6000,106.7000,93.1000,104.9500,83.5768,3467248,0.0000
2012-01-13,93.9000,98.0500,91.4000,96.2000,76.6088,1906293,0.0000
2012-01-06,88.1500,95.0000,86.4000,91.9000,73.1845,1488920,0.0000
2011-12-30,88.1000,94.2000,86.4000,87.2500,69.4815,1628573,0.0000
2011-12-23,87.8000,90.8000,80.6500,88.0000,70.0787,1848164,0.0000
2011-12-16,96.5000,96.5000,85.0000,88.2500,70.2778,3318479,0.0000
2011-12-09,98.4000,101.0000,93.9000,95.2500,75.8523,1263087,0.0000
2011-12-02,94.3500,100.6000,90.3000,97.5500,77.6839,1918295,0.0000
2011-11-25,96.2000,97.9000,90.5000,92.2000,73.4234,1687733,0.0000
2011-11-18,102.6000,103.0500,93.0000,97.4500,77.6042,2037727,0.0000
2011-11-11,103.3500,104.6000,100.0000,101.6500,80.9489,550992,0.0000
2011-11-04,103.2000,106.5000,98.6500,103.3000,82.2629,1666747,0.0000
2011-10-28,104.0000,105.6000,100.7500,101.7000,80.9887,631357,0.0000
2011-10-25,98.8500,100.5000,97.8000,100.1000,79.7146,672650,0.0000
2011-10-21,101.0000,101.1000,96.5000,97.3000,77.4848,1084791,0.0000
2011-10-14,98.6000,106.3000,97.2000,100.0000,79.6349,3017539,0.0000
2011-10-07,98.0000,103.0000,95.1500,98.3500,78.3209,936751,0.0000
2011-09-30,101.7000,103.3000,93.5000,99.7000,79.3960,2101242,0.0000
2011-09-23,989.6498,1010.1998,965.1998,989.7998,78.8226,2612607,0.0000
2011-09-16,999.9998,1012.9998,950.5998,984.4497,78.3966,3156504,0.0000
2011-09-09,1020.9998,1051.9997,995.1998,1001.4998,79.7544,2097850,0.0000
2011-09-02,1069.9997,1078.9998,1011.0997,1021.0998,81.3152,231250,0.0000
2011-08-30,1034.9997,1065.3498,1016.9997,1043.2998,83.0831,355413,0.0000
2011-08-26,1051.9997,1099.1498,1006.9998,1012.4498,80.6264,1647857,0.0000
2011-08-19,1111.9997,1111.9997,1020.9998,1052.7498,83.8357,916274,0.0000
2011-08-12,1233.9997,1233.9997,1078.6497,1088.3498,86.6707,2017322,0.0000
2011-08-05,1289.9997,1307.9997,1227.9997,1234.0997,98.2774,600228,1.2063
2011-07-29,1304.9997,1323.8997,1277.9997,1285.4998,101.3813,648579,0.0000
2011-07-22,1269.9997,1323.9497,1099.9997,1304.8497,102.9074,721159,0.0000
2011-07-15,1286.1497,1307.7497,1249.9998,1264.0498,99.6897,653584,0.0000
2011-07-08,1304.9997,1329.9997,1277.9997,1290.5997,101.7835,715854,0.0000
2011-07-01,1264.9997,1318.9997,1124.9998,1307.2997,103.1006,845903,0.0000
2011-06-24,1223.9997,1285.9497,1202.0998,1276.3997,100.6637,950946,0.0000
2011-06-17,1237.9998,1263.7997,1213.0497,1235.1997,97.4144,606964,0.0000
2011-06-10,1256.9997,1256.9997,1224.9997,1237.2998,97.5800,401817,0.0000
2011-06-03,1209.9997,1267.7998,1202.9998,1248.5997,98.4712,779976,0.0000
2011-05-27,1219.9998,1232.9998,1175.5997,1206.0997,95.1194,788650,0.0000
2011-05-20,1220.9998,1256.9997,1213.0997,1237.5998,97.6037,1562304,0.0000
2011-05-13,1249.7998,1264.3498,1210.3497,1231.1997,97.0989,721542,0.0000
2011-05-06,1324.8997,1354.8997,1210.6498,1227.6497,96.8190,1501445,0.0000
2011-04-29,1318.1997,1344.6997,1290.0497,1303.0497,102.7654,641823,0.0000
2011-04-21,1319.9997,1338.7997,1278.7497,1330.5497,104.9342,748827,0.0000
2011-04-15,1331.6997,1343.4997,1301.5997,1306.8497,103.0651,1003733,0.0000
2011-04-08,1324.9997,1341.9497,1299.9997,1312.6497,103.5225,1459498,0.0000
2011-04-01,1304.9997,1349.5497,1279.7998,1316.4997,103.8262,1065101,0.0000
2011-03-25,1228.9997,1314.9998,1206.4997,1302.2997,102.7063,905061,0.0000
2011-03-18,1202.9998,1253.8997,1194.9997,1228.9997,96.9254,1318640,0.0000
2011-03-11,1214.9998,1248.9997,1178.1998,1204.0497,94.9578,1430523,0.0000
2011-03-04,1178.9998,1231.9998,1142.1997,1218.6997,96.1131,2133662,0.0000
2011-02-25,1249.9998,1265.9997,1154.9998,1175.6498,92.7180,1170477,0.0000
2011-02-18,1215.9997,1297.8997,1196.9998,1264.3997,99.7173,1326567,0.0000
2011-02-11,1186.9997,1235.9497,1158.2498,1196.5998,94.3702,1309635,0.0000
2011-02-04,1260.1997,1260.1997,1176.9997,1182.9997,93.2976,1016054,0.0000
2011-01-28,1319.9997,1329.7497,1257.1497,1266.0997,99.8513,561969,0.0000
2011-01-21,1362.4997,1365.0497,1296.3497,1314.6497,103.6803,882099,0.0000
2011-01-14,1387.9997,1403.8497,1324.9997,1362.2997,107.4382,1058747,0.0000
2011-01-07,1369.9997,1412.9997,1354.9997,1386.6997,109.3625,1535953,0.0000
2010-12-31,1300.8497,1379.6497,1299.9997,1365.6997,107.7063,1156083,0.0000
2010-12-24,1309.3997,1309.3997,1274.4997,1300.8497,102.5919,1263646,0.0000
2010-12-16,1288.3997,1324.7997,1261.9998,1294.3498,102.0793,797417,0.0000
2010-12-10,1303.4997,1313.9997,1264.9997,1281.6997,101.0816,951589,0.0000
2010-12-03,1310.8997,1338.9997,1281.8997,1290.1997,101.7520,857342,0.0000
2010-11-26,1334.8997,1350.1998,1256.9997,1291.5497,101.8585,1731608,0.0000
2010-11-19,1380.9997,1389.9997,1301.1997,1312.8497,103.5383,1081857,0.0000
2010-11-12,1407.9997,1418.8997,1367.9997,1375.8497,108.5068,1627267,0.0000
2010-11-04,1400.9997,1419.8997,1370.9997,1395.0497,110.0210,635657,0.0000
2010-10-29,1429.8997,1439.4997,1381.9997,1394.5997,109.9855,1003818,0.0000
2010-10-22,1417.1997,1440.7997,1369.9997,1420.2997,112.0124,1165420,0.0000
2010-10-15,1429.9997,1450.9497,1402.6497,1417.1997,111.7679,1913221,0.0000
2010-10-08,1389.9997,1464.9997,1374.9997,1422.6997,112.2016,5800210,0.0000
2010-10-01,1329.9997,1394.9997,1325.5497,1389.8997,109.6149,1960018,0.0000
2010-09-24,1276.8997,1332.9997,1257.9997,1327.7497,104.7134,2854324,0.0000
2010-09-17,1269.9997,1284.9998,1254.9997,1264.3498,99.7133,1317532,0.0000
2010-09-09,1254.9997,1297.3998,1221.6997,1259.5997,99.3387,19434200,0.0000
2010-09-03,1259.8997,1268.9997,1211.9997,1249.4497,98.5382,1538097,0.0000
2010-08-27,1294.9997,1307.9997,1229.9997,1236.1997,97.4933,2075611,0.0000
2010-08-20,1323.9997,1324.9997,1283.0997,1289.3997,101.6889,776121,1.1580
2010-08-13,1324.9997,1354.9997,1299.9997,1328.1497,103.7986,2908923,0.0000
2010-08-06,1344.6997,1344.6997,1314.9998,1322.3997,103.3492,799490,0.0000
2010-07-30,1337.9997,1345.9497,1314.9998,1319.7997,103.1460,835509,0.0000
2010-07-23,1332.5497,1340.4997,1311.6498,1324.1497,103.4859,1118830,0.0000
2010-07-16,1291.0998,1342.9997,1291.0998,1334.8997,104.3261,1286392,0.0000
2010-07-09,1307.6497,1323.7997,1290.9998,1315.1997,102.7865,3600394,0.0000
2010-07-02,1317.9997,1364.9997,1288.9997,1306.1498,102.0792,3774690,0.0000
2010-06-25,1287.9997,1346.9997,1280.2497,1303.4497,101.8682,2597135,0.0000
2010-06-18,1241.7498,1284.9998,1226.2998,1268.9997,99.1758,1390846,0.0000
2010-06-11,1219.9998,1257.9997,1193.0997,1236.1497,96.6085,2883847,0.0000
2010-06-04,1271.9997,1285.7997,1222.1997,1239.1997,96.8469,1035992,0.0000
2010-05-28,1268.9997,1280.4997,1196.9998,1271.6497,99.3829,6181498,0.0000
2010-05-21,1324.9997,1324.9997,1239.9997,1259.2498,98.4138,2955337,0.0000
2010-05-14,1262.9997,1363.7997,1262.9997,1333.0497,104.1815,2146347,0.0000
2010-05-07,1351.8997,1357.6997,1263.9997,1282.5997,100.2387,3128152,0.0000
2010-04-30,1370.0497,1384.9997,1325.5997,1354.9497,105.8930,1598656,0.0000
2010-04-23,1322.9997,1368.9997,1299.9997,1361.2497,106.3854,2181320,0.0000
2010-04-16,1369.9997,1375.8997,1302.4997,1328.0997,103.7946,1653878,0.0000
2010-04-09,1358.9997,1408.4997,1355.9998,1364.9997,106.6785,1829242,0.0000
2010-04-01,1363.9997,1396.9996,1341.3997,1355.2497,105.9165,2024908,0.0000
2010-03-26,1345.9997,1369.9997,1326.4998,1361.2997,106.3893,1696540,0.0000
2010-03-19,1347.9997,1394.9997,1339.9997,1357.0497,106.0572,2032017,0.0000
2010-03-12,1343.9997,1363.8997,1319.9997,1352.1497,105.6742,2004980,0.0000
2010-03-05,1218.4997,1346.7497,1196.0497,1331.5997,104.0682,27527218,0.0000
2010-02-26,1248.9997,1270.7997,1196.9998,1212.9497,94.7954,3359848,0.0000
2010-02-19,1273.9998,1281.8997,1229.0997,1239.8497,96.8977,3703666,0.0000
2010-02-11,1300.9997,1328.9997,1259.0997,1264.9997,98.8632,2735599,0.0000
2010-02-05,1300.2498,1319.8997,1255.2497,1286.0497,100.5083,2562442,0.0000
2010-01-29,1330.9997,1337.4997,1268.9997,1305.7997,102.0518,2282810,0.0000
2010-01-22,1453.9997,1456.9997,1304.9997,1334.7997,104.3183,3791250,0.0000
2010-01-15,1518.5496,1518.5496,1445.0997,1455.0997,113.7200,2865959,0.0000
2010-01-08,1380.9997,1499.9997,1380.9997,1475.3997,115.3065,3756463,0.0000
2009-12-31,1352.9997,1387.9997,1344.9997,1377.9497,107.6906,841219,0.0000
2009-12-24,1347.6997,1357.4497,1312.4997,1353.8497,105.8071,2040711,0.0000
2009-12-18,1359.9997,1373.9997,1308.2497,1318.2997,103.0287,1868039,0.0000
2009-12-11,1355.9998,1381.8997,1322.4997,1360.1497,106.2994,2721953,0.0000
2009-12-04,1334.9997,1375.9997,1325.9997,1356.2497,105.9946,2590318,0.0000
2009-11-27,1321.9997,1364.9997,1295.9997,1322.9497,103.3922,3227934,0.0000
2009-11-20,1353.9997,1354.9997,1308.9998,1320.1997,103.1772,2220697,0.0000
2009-11-13,1279.9997,1348.8997,1261.9998,1326.3497,103.6579,5249421,0.0000
2009-11-06,1342.9997,1373.9997,1264.9997,1271.4997,99.3712,5485947,0.0000
2009-10-30,1434.9997,1486.9997,1324.9997,1343.1997,104.9747,3483245,0.0000
2009-10-23,1439.9997,1472.4997,1394.9997,1461.0997,114.1890,3035511,0.0000
2009-10-16,1309.9997,1433.9997,1289.9997,1415.2997,110.6096,3660485,0.0000
2009-10-09,1279.9997,1323.9997,1258.4997,1302.5998,101.8017,4257823,0.0000
2009-10-01,1320.9997,1334.9497,1278.9998,1290.6497,100.8678,2368301,0.0000
2009-09-25,1309.9997,1344.9997,1222.6997,1284.0997,100.3559,1934184,0.0000
2009-09-18,1274.9997,1344.9997,1261.4998,1313.6997,102.6692,2962901,0.0000
2009-09-11,1309.9997,1334.9997,1259.9997,1273.9497,99.5627,2803350,0.0000
2009-09-04,1349.9997,1349.9997,1256.9997,1293.6997,101.1062,3296305,0.0000
2009-08-28,1315.2497,1368.9997,1263.9997,1338.5997,104.6152,5948124,0.0000
2009-08-21,1279.9997,1305.0997,1216.9997,1302.0497,101.7588,3367205,0.0000
2009-08-14,1250.9997,1456.9997,1206.0997,1283.3997,100.3012,3682360,0.0000
2009-08-07,1319.9997,1364.9497,1215.1497,1225.3497,95.7644,3794990,0.0000
2009-07-31,1184.9998,1329.9997,1178.9998,1302.0497,101.7588,6268699,0.0000
2009-07-24,1148.4998,1183.6997,1110.9997,1172.7998,91.6575,5439521,0.0000
2009-07-17,1066.3497,1174.9997,994.9998,1147.8498,89.7076,4082178,1.1098
2009-07-10,1194.9997,1209.9997,1049.9998,1066.3497,82.4216,3631180,0.0000
2009-07-03,1169.9997,1200.9997,1125.0497,1186.4497,91.7045,3247685,0.0000
2009-06-26,1174.9997,1182.9997,1070.3498,1163.2498,89.9113,2722170,0.0000
2009-06-19,1151.1997,1214.9497,1105.9997,1164.3498,89.9963,3821550,0.0000
2009-06-12,1089.9998,1224.9997,1058.9997,1173.4497,90.6997,5738149,0.0000
2009-06-05,1094.9998,1119.9998,1007.0498,1081.3498,83.5810,6674101,0.0000
2009-05-29,1054.9998,1126.6998,1017.9998,1070.2997,82.7269,3688506,0.0000
2009-05-22,950.9998,1102.9998,949.9998,1044.5998,80.7404,3688081,0.0000
2009-05-15,909.9998,918.8998,861.0998,908.5498,70.2247,4775979,0.0000
2009-05-08,903.7998,939.9498,887.9498,900.2498,69.5832,8065579,0.0000
2009-04-29,883.9998,900.9998,830.9998,893.9498,69.0962,2649829,0.0000
2009-04-24,888.9498,896.9998,838.9998,884.3998,68.3581,5451190,0.0000
2009-04-17,894.9998,914.2498,859.4998,880.2998,68.0412,6372862,0.0000
2009-04-09,866.2498,904.6998,801.2499,884.1998,68.3426,4633526,0.0000
2009-04-02,769.9999,858.8998,748.9998,846.8498,65.4557,5219214,0.0000
2009-03-27,679.9999,796.4998,672.1499,781.7999,60.4278,8834426,0.0000
2009-03-20,669.9999,697.9999,648.0998,666.3998,51.5082,7634893,0.0000
2009-03-13,634.9999,666.0998,601.9998,662.8498,51.2338,5327979,0.0000
2009-03-09,633.9999,639.0999,616.3498,622.7999,48.1382,664185,0.0000
2009-03-06,714.9998,735.4998,602.5499,638.9999,49.3903,7836121,0.0000
2009-02-27,730.9998,754.9998,708.0998,726.3998,56.1458,2581511,0.0000
2009-02-20,796.9998,798.9999,724.9998,737.4998,57.0037,3620195,0.0000
2009-02-13,754.9998,813.9998,739.9999,796.6998,61.5795,6562135,0.0000
2009-02-06,754.9998,766.9998,724.9998,752.9498,58.1979,3939993,0.0000
2009-01-30,711.9998,770.9998,711.9998,761.4499,58.8549,5510473,0.0000
2009-01-23,779.9998,796.0998,681.1999,709.3498,54.8279,13723604,0.0000
2009-01-16,747.9998,782.8998,711.9998,773.3498,59.7747,5222748,0.0000
2009-01-09,779.9998,834.9998,739.9999,748.3499,57.8423,7959435,0.0000
2009-01-02,729.9998,791.9998,718.9998,770.3498,59.5428,5704491,0.0000
2008-12-26,736.8998,747.9998,716.9999,729.0999,56.3545,4096508,0.0000
2008-12-19,755.9998,768.9999,692.9999,736.8998,56.9573,9896356,0.0000
2008-12-12,694.9998,758.7998,682.9998,750.7999,58.0317,9307246,0.0000
2008-12-05,671.8998,707.9998,619.9998,668.8999,51.7014,8851244,0.0000
2008-11-28,638.9999,683.9998,619.9998,669.1498,51.7207,10680747,0.0000
2008-11-21,744.9999,756.8999,595.9998,630.8998,48.7643,12466901,0.0000
2008-11-14,749.9998,828.9998,715.3999,746.3999,57.6916,9688877,0.0000
2008-11-07,699.9998,784.9998,676.4999,737.3499,56.9921,10806237,0.0000
2008-10-31,609.9999,702.9998,531.4999,689.6499,53.3052,7844548,0.0000
2008-10-24,774.9999,799.9998,609.9999,624.8998,48.3005,9127644,0.0000
2008-10-17,792.9999,862.9998,696.9998,748.1998,57.8308,9099178,0.0000
2008-10-10,864.9998,879.8998,670.9998,774.6999,59.8790,11059733,0.0000
2008-10-03,993.8997,1001.9998,850.5998,888.4998,68.6750,12003438,0.0000
2008-09-26,1044.9998,1059.9998,979.9998,986.6998,76.2652,6439358,0.0000
2008-09-19,984.9998,1041.9998,906.6498,1027.2998,79.4033,11439739,0.0000
2008-09-12,1109.9997,1169.9997,994.9998,1002.6497,77.4980,8747267,0.0000
2008-09-05,1049.9998,1098.9997,1024.9998,1080.3498,83.5037,9270760,0.0000
2008-08-29,1064.9997,1064.9997,1001.9998,1050.9998,81.2351,7530636,0.0000
2008-08-22,1031.3998,1077.6998,995.5998,1050.7498,81.2158,7880266,1.0133
2008-08-14,1077.9998,1089.9998,1001.9998,1034.8997,79.1673,12881391,0.0000
2008-08-08,1120.9998,1148.9998,1031.0998,1059.2498,81.0300,22716505,0.0000
2008-08-01,1024.7998,1174.9497,1009.9998,1116.4997,85.4095,15971566,0.0000
2008-07-25,1023.9998,1209.9997,1003.6498,1015.4498,77.6794,13447775,0.0000
2008-07-18,969.9997,1025.9998,911.6998,1015.4498,77.6794,15871225,0.0000
2008-07-11,1119.9998,1125.0998,957.9997,975.1997,74.6004,16999340,0.0000
2008-07-04,1049.9998,1147.9997,950.2498,1097.9498,83.9904,21423149,0.0000
2008-06-27,1239.9997,1247.7997,1049.9998,1058.0498,80.9382,15411461,0.0000
2008-06-20,1264.9498,1321.9997,1235.0997,1253.0498,95.8552,8031187,0.0000
2008-06-13,1211.9997,1326.6497,1180.0497,1252.4498,95.8093,5578265,0.0000
2008-06-06,1359.9997,1384.8997,1152.9997,1274.9997,97.5343,6404034,0.0000
2008-05-30,1401.9997,1438.4497,1334.9997,1356.6497,103.7803,3426044,0.0000
2008-05-23,1450.9997,1509.9996,1401.3497,1438.4497,110.0378,9169477,0.0000
2008-05-16,1354.9997,1456.9997,1329.9997,1451.2497,111.0170,4390172,0.0000
2008-05-09,1427.3497,1437.9996,1310.0997,1352.1497,103.4361,4661276,0.0000
2008-05-02,1348.9997,1449.9996,1319.9997,1427.3497,109.1887,4064945,0.0000
2008-04-25,1306.2498,1376.9997,1282.9997,1337.5497,102.3192,4034447,0.0000
2008-04-17,1224.9997,1314.9998,1221.9997,1299.8498,99.4353,3897911,0.0000
2008-04-11,1121.9997,1257.8997,1061.3497,1247.0498,95.3962,9366583,0.0000
2008-04-04,1215.9997,1239.9997,1090.1998,1120.2998,85.7002,5075155,0.0000
2008-03-28,1059.9998,1224.9997,1037.9998,1211.1498,92.6500,8771422,0.0000
2008-03-19,1122.0997,1183.9998,1024.9998,1052.4498,80.5098,10489122,0.0000
2008-03-14,1111.0997,1250.9997,1078.0497,1160.4497,88.7715,8322228,0.0000
2008-03-07,1376.9997,1388.9997,1087.9997,1136.2997,86.9241,4716851,0.0000
2008-02-29,1367.9997,1429.9997,1340.1497,1401.0997,107.1807,5962104,0.0000
2008-02-22,1309.9997,1398.9997,1250.9997,1356.8997,103.7995,6921132,0.0000
2008-02-15,1341.9997,1341.9997,1108.4998,1294.6497,99.0375,4756830,0.0000
2008-02-08,1359.9997,1467.9996,1300.2498,1338.1497,102.3651,5930932,0.0000
2008-02-01,1159.9997,1357.9997,1159.9997,1341.0997,102.5908,3945963,0.0000
2008-01-25,1399.9997,1434.9997,1000.9998,1262.8997,96.6087,7113306,0.0000
2008-01-18,1454.9997,1582.9997,1389.9997,1433.9497,109.6936,12333940,0.0000
2008-01-11,1601.9996,1638.9996,1434.9997,1457.5497,111.4989,8607259,0.0000
2008-01-04,1402.6497,1640.9997,1402.6497,1626.7996,124.4461,11798883,0.0000
2007-12-28,1314.9998,1401.9997,1295.0997,1391.2996,106.4310,5199059,0.0000
2007-12-20,1309.9997,1316.9997,1210.0997,1284.5997,98.2687,5519251,0.0000
2007-12-14,1339.9997,1380.9997,1279.9997,1300.9497,99.5194,7569132,0.0000
2007-12-07,1174.9997,1354.6997,1174.9997,1323.6997,101.2597,13144290,0.0000
2007-11-30,1179.9998,1198.9997,1091.9998,1172.2998,89.6780,9916749,0.0000
2007-11-23,1259.9997,1309.9997,1081.9997,1149.6998,87.9492,12867268,0.0000
2007-11-16,1174.9997,1331.9997,1136.7998,1252.1498,95.7863,10390110,0.0000
2007-11-08,1301.2997,1448.9997,1204.9997,1236.6997,94.6045,14057277,0.0000
2007-11-02,1159.8997,1304.9997,1150.9997,1297.0497,99.2211,23434181,0.0000
2007-10-26,958.7998,1143.9497,924.9998,1134.4498,86.7826,44487204,0.0000
2007-10-19,1069.8997,1399.9997,945.0498,976.6498,74.7113,82867288,0.0000
2007-10-12,952.9998,1147.9997,864.9998,1048.9497,80.2421,34737321,0.0000
2007-10-05,856.9998,1149.9998,856.9998,944.0998,72.2213,21578535,0.0000
2007-09-28,791.4998,959.9998,790.9998,855.1998,65.4207,7178922,0.0000
2007-09-21,749.9998,788.8998,730.0499,785.4498,60.0850,6144068,0.0000
2007-09-14,712.9998,760.9998,708.9998,743.7499,56.8950,7873852,0.0000
2007-09-07,691.8999,742.9998,679.0998,718.8499,54.9902,10590012,0.0000
2007-08-31,687.9999,701.9499,667.9999,683.7499,52.3052,6208400,0.0000
2007-08-24,719.9998,723.9998,672.0499,680.2498,52.0374,3051749,0.0000
2007-08-17,690.9998,731.9998,671.9998,700.8499,53.6133,3764650,0.0000
2007-08-10,594.9998,727.9999,594.9998,686.1498,52.4888,7060508,0.0000
2007-08-03,699.9998,737.4499,685.9999,695.4499,53.2002,4792819,0.0000
2007-07-27,667.7999,711.7998,663.9999,699.9498,53.5444,6149593,0.0000
2007-07-20,685.9999,711.9998,661.0499,670.7998,51.3145,2282768,0.9168
2007-07-13,654.9998,708.9998,652.3498,685.0499,51.6873,4142798,0.0000
2007-07-06,678.9998,759.9998,644.9999,659.4998,49.7595,3986210,0.0000
2007-06-29,633.4999,686.4999,609.9999,670.9499,50.6234,10517889,0.0000
2007-06-22,593.9999,642.7998,582.9499,638.7498,48.1939,7210899,0.0000
2007-06-15,585.5999,602.3999,575.9999,593.9999,44.8175,2059416,0.0000
2007-06-08,599.1999,620.9999,566.0499,579.9498,43.7574,6531078,0.0000
2007-06-01,609.9999,616.9999,574.0498,590.0499,44.5195,5918487,0.0000
2007-05-25,582.9998,622.9999,582.9998,603.9999,45.5720,3350750,0.0000
2007-05-18,577.9998,606.9998,570.9999,580.6999,43.8140,1799264,0.0000
2007-05-11,597.9999,609.9999,559.9998,572.9999,43.2330,2377740,0.0000
2007-05-04,598.9999,610.0498,592.5498,602.7999,45.4815,1447819,0.0000
2007-04-30,581.9999,594.7998,576.9998,591.6498,44.6402,374563,0.0000
2007-04-27,551.3999,608.9999,534.9999,584.0998,44.0705,5959108,0.0000
2007-04-20,536.4499,560.9999,513.0499,546.2999,41.2185,4231834,0.0000
2007-04-13,509.8999,539.9999,504.9999,533.0999,40.2226,6836119,0.0000
2007-04-05,509.3999,517.9999,490.9999,502.3999,37.9063,2932923,0.0000
2007-03-30,504.9999,524.3998,491.9999,509.4499,38.4382,1098893,0.0000
2007-03-23,508.9999,523.6499,496.9999,508.5499,38.3703,4562583,0.0000
2007-03-16,512.1499,526.9999,499.9999,509.9498,38.4759,4126539,0.0000
2007-03-09,519.9999,529.9499,482.9999,505.2499,38.1213,2854312,0.0000
2007-03-02,575.9999,589.9998,522.0999,525.6999,39.6642,15443502,0.0000
2007-02-23,614.6999,621.1999,562.8999,573.2499,43.2519,2731808,0.0000
2007-02-15,602.8999,624.9998,584.9999,604.8999,45.6399,8871400,0.0000
2007-02-09,609.9999,623.9998,595.0998,599.5499,45.2363,2184511,0.0000
2007-02-02,639.9999,639.9999,586.4999,605.9999,45.7229,1971137,0.0000
2007-01-25,574.9999,617.9998,565.5499,614.2499,46.3454,7968917,0.0000
2007-01-19,577.9998,588.9499,566.0499,576.8499,43.5235,907362,0.0000
2007-01-12,562.9999,580.9999,552.0499,574.8498,43.3726,7055669,0.0000
2007-01-05,559.0499,571.9998,554.9999,557.4999,42.0636,1293709,0.0000
2006-12-29,552.9999,569.9499,549.9999,559.8499,42.2409,5046275,0.0000
2006-12-22,565.9499,598.9999,544.9999,554.7998,41.8599,8476950,0.0000
2006-12-15,587.9999,588.9998,525.0499,557.6999,42.0787,5901576,0.0000
2006-12-08,604.8999,621.4498,579.9999,585.4999,44.1762,8304892,0.0000
2006-12-01,581.9999,604.9999,577.9998,597.7498,45.1004,14146396,0.0000
2006-11-24,555.9999,580.9999,544.4999,576.4999,43.4971,3568623,0.0000
2006-11-17,553.7998,569.8999,544.1499,556.5498,41.9919,6103665,0.0000
2006-11-10,555.2999,559.9998,536.0499,548.0998,41.3543,1436566,0.0000
2006-11-03,530.9998,556.9999,525.5499,553.7998,41.7844,5921441,0.0000
2006-10-27,534.9999,535.9998,524.0499,529.9999,39.9887,1516502,0.0000
2006-10-23,530.4998,533.9999,526.9999,531.8499,40.1283,512374,0.0000
2006-10-20,537.0499,540.3499,526.9499,531.6999,40.1169,3503173,0.0000
2006-10-13,536.9998,548.4998,531.0499,534.7999,40.3508,3872512,0.0000
2006-10-06,558.9999,567.9999,531.9999,540.1499,40.7545,3450780,0.0000
2006-09-29,527.9999,571.9998,520.9999,567.1499,42.7917,8116573,0.0000
2006-09-22,511.0499,531.4999,506.5998,526.1999,39.7020,4998690,0.0000
2006-09-15,537.4999,537.4999,487.9999,527.1498,39.7736,3587398,0.0000
2006-09-08,537.8999,544.9999,531.9999,537.0999,40.5244,1415810,0.0000
2006-09-01,537.9999,547.9998,521.9999,535.0499,40.3697,1768393,0.0000
2006-08-25,527.9999,539.8498,516.0498,536.8499,40.5055,3175831,0.0000
2006-08-18,501.9999,526.9999,496.9999,524.7998,39.5963,4354743,0.0000
2006-08-11,488.0499,510.9999,488.0499,499.3999,37.6799,2731237,0.0000
2006-08-04,508.9999,511.9999,480.9999,496.4499,37.4573,2914550,0.0000
2006-07-28,457.9999,511.8999,443.9999,496.6499,37.4724,3314253,0.0000
2006-07-21,477.9999,490.0499,460.2499,464.7999,35.0693,3355507,0.0000
2006-07-14,469.9999,496.9999,460.0999,478.4499,36.0992,4310692,0.0000
2006-07-07,488.9999,490.9999,459.9999,475.0499,35.8427,8125320,0.8203
2006-06-30,449.9999,493.4999,421.0999,480.0999,35.5812,4022417,0.0000
2006-06-23,443.1499,457.8999,421.1499,450.2999,33.3727,3823871,0.0000
2006-06-16,439.9999,444.8999,389.9999,433.9999,32.1647,3700163,0.0000
2006-06-09,486.9999,486.9999,420.4999,438.0499,32.4648,4654053,0.0000
2006-06-02,499.9999,519.4499,469.0499,477.3998,35.3811,5743847,0.0000
2006-05-26,535.9998,557.5999,429.9999,496.4999,36.7967,6453981,0.0000
2006-05-19,572.9999,599.9999,526.8999,533.5498,39.5425,5860840,0.0000
2006-05-12,565.0499,590.7999,559.9998,571.2998,42.3403,3754070,0.0000
2006-05-05,555.9999,582.9998,545.2999,562.1499,41.6622,3285891,0.0000
2006-04-28,574.9999,582.9499,521.9999,546.5499,40.5060,5190251,0.0000
2006-04-21,575.9999,602.9999,570.4999,579.6499,42.9591,8969812,0.0000
2006-04-13,590.9999,603.9999,564.9999,571.4998,42.3551,4096665,0.0000
2006-04-07,584.9999,612.9499,581.2999,585.5499,43.3964,10748724,0.0000
2006-03-31,595.8998,605.5499,571.2499,579.4499,42.9443,7828361,0.0000
2006-03-24,576.9998,591.8999,561.4999,588.6998,43.6298,9050484,0.0000
2006-03-17,579.9999,589.8998,560.4998,570.5499,42.2847,6673375,0.0000
2006-03-10,548.7998,592.2498,544.9999,577.3499,42.7887,21888094,0.0000
2006-03-03,519.4999,552.4999,506.9998,546.8999,40.5319,14576263,0.0000
2006-02-24,491.8999,520.0499,481.2499,517.4999,38.3530,12183549,0.0000
2006-02-17,507.7999,514.9499,484.9999,487.6499,36.1408,10050322,0.0000
2006-02-10,482.9999,506.9998,479.2999,504.8999,37.4192,10743710,0.0000
2006-02-03,459.9999,489.9999,459.9999,483.3998,35.8258,15298322,0.0000
2006-01-27,454.9999,464.9999,448.1000,457.8499,33.9323,4182019,0.0000
2006-01-20,451.9999,457.4999,440.0499,452.7999,33.5580,3185229,0.0000
2006-01-13,449.9999,463.9999,447.9998,451.2999,33.4468,6470665,0.0000
2006-01-06,435.4999,454.7999,432.2499,446.7999,33.1133,6577605,0.0000
2005-12-30,436.9999,438.9999,417.0499,435.7499,32.2944,7446378,0.0000
2005-12-23,450.9999,458.7999,433.2500,435.7999,32.2981,10206174,0.0000
2005-12-16,446.0499,456.4999,441.2499,447.8999,33.1948,16152941,0.0000
2005-12-09,449.9999,450.0499,425.4999,444.3999,32.9354,15747540,0.0000
2005-12-02,455.2499,465.3999,438.1499,440.7999,32.6686,14285699,0.0000
2005-11-25,441.9999,447.9499,426.9999,439.7499,32.5908,7116239,0.0000
2005-11-18,440.0999,452.8999,433.9499,439.2500,32.5538,7513920,0.0000
2005-11-11,410.9999,439.8999,405.9999,438.3999,32.4908,8819069,0.0000
2005-11-02,391.4999,413.8999,390.9999,412.1999,30.5490,4258672,0.0000
2005-10-28,432.4999,434.9999,375.9999,390.1499,28.9149,17846093,0.0000
2005-10-21,446.3999,447.4999,391.2499,431.6499,31.9905,14740800,0.0000
2005-10-14,476.9999,481.9999,440.9999,442.7499,32.8132,6238938,0.0000
2005-10-07,488.9999,492.4999,458.0999,472.5999,35.0254,13163108,0.0000
2005-09-30,434.0499,498.9999,432.7999,483.1499,35.8073,12781890,0.0000
2005-09-23,459.9999,467.8999,423.0499,430.1999,31.8831,7482564,0.0000
2005-09-16,466.9999,470.2499,454.4999,458.5999,33.9878,4765440,0.0000
2005-09-09,469.4999,475.9999,455.9999,458.0999,33.9508,5349316,0.0000
2005-09-02,426.9999,469.9999,418.8000,468.1999,34.6993,13274618,0.0000
2005-08-26,429.9999,434.9999,413.1499,427.2999,31.6681,8114844,0.0000
2005-08-19,429.3999,434.9999,414.0499,429.9499,31.8645,6505337,0.0000
2005-08-12,430.9999,436.9999,407.0000,424.5499,31.4643,13695595,0.0000
2005-08-05,388.9499,431.9999,387.4999,428.6999,31.7719,14254705,0.0000
2005-07-29,402.3999,404.9999,390.9999,392.2999,29.0742,2257971,0.0000
2005-07-22,409.9999,409.9999,392.5499,400.8499,29.7079,8306053,0.0000
2005-07-15,397.3999,416.9999,373.4999,401.2000,29.7338,8704770,0.7238
2005-07-08,384.9999,403.9999,384.9999,397.1999,28.8815,8543167,0.0000
2005-07-01,377.8999,387.9999,368.9999,385.7500,28.0489,7246454,0.0000
2005-06-24,377.0000,384.6999,364.2999,375.8999,27.3327,9345101,0.0000
2005-06-17,380.9999,393.8499,372.0999,373.7999,27.1800,4275686,0.0000
2005-06-10,377.1000,387.8999,374.9999,379.1499,27.5690,4276983,0.0000
2005-06-03,389.9999,389.9999,368.9999,374.1500,27.2055,7931976,0.0000
2005-05-27,367.2499,391.5999,363.9999,386.6500,28.1144,7285655,0.0000
2005-05-20,368.9999,372.0000,354.0000,366.9999,26.6856,7457704,0.0000
2005-05-13,361.9999,373.4999,358.4999,368.2500,26.7765,10031473,0.0000
2005-05-06,348.0000,364.9499,339.7999,357.2999,25.9803,6363392,0.0000
2005-04-29,363.2499,363.2499,336.5000,346.8999,25.2241,5176242,0.0000
2005-04-22,338.5999,365.5000,325.0000,362.3500,26.3475,10064934,0.0000
2005-04-15,340.0499,352.7499,336.0000,338.5999,24.6205,5642315,0.0000
2005-04-08,364.3999,364.8499,339.9999,341.4000,24.8241,7649007,0.0000
2005-04-01,343.7999,365.0000,335.1499,361.5499,26.2893,9770377,0.0000
2005-03-24,380.9999,384.6999,338.9999,340.8499,24.7841,8446442,0.0000
2005-03-18,392.9999,393.4999,373.4999,379.0999,27.5654,8608928,0.0000
2005-03-11,404.6999,406.9000,389.9999,393.1999,28.5907,12618826,0.0000
2005-03-04,402.9999,410.4999,393.1999,403.9999,29.3760,15024224,0.0000
2005-02-25,413.9999,413.9999,399.9999,400.8499,29.1469,15795693,0.0000
2005-02-18,410.9999,424.9999,404.9999,412.5499,29.9977,28990768,0.0000
2005-02-11,398.9999,409.9999,381.0499,409.5999,29.7831,17957769,0.0000
2005-02-04,376.7999,402.7999,376.0499,394.9499,28.7179,22180867,0.0000
2005-01-28,357.9999,381.9499,334.9999,376.7999,27.3982,13329768,0.0000
2005-01-20,345.7999,379.9999,338.4999,360.0499,26.1802,21227680,0.0000
2005-01-14,369.5499,373.9500,337.1499,343.2499,24.9587,25378822,0.0000
