"dttm","vale1","vole"
"2025-03-05","61.89","0"
"2025-03-05","61.95","1"
"2025-03-05","61.95","0"
"2025-03-05","61.95","0"
"2025-03-05","61.92","1"
"2025-03-05","61.92","0"
"2025-03-05","61.92","0"
"2025-03-05","61.98","325"
"2025-03-05","61.98","0"
"2025-03-05","61.97","80"
"2025-03-05","61.97","0"
"2025-03-05","61.97","0"
"2025-03-05","61.97","0"
"2025-03-05","61.90","602"
"2025-03-05","61.90","0"
"2025-03-05","61.90","0"
"2025-03-05","62.01","5"
"2025-03-05","62.00","500"
"2025-03-05","62.01","3"
"2025-03-05","61.94","1"
"2025-03-05","61.94","0"
"2025-03-05","61.91","1"
"2025-03-05","61.93","509"
"2025-03-05","61.89","101"
"2025-03-05","61.93","92"
"2025-03-05","61.93","0"
"2025-03-05","61.93","0"
"2025-03-05","61.84","10"
"2025-03-05","61.93","80"
"2025-03-05","61.93","0"
"2025-03-05","61.93","0"
"2025-03-05","61.93","0"
"2025-03-05","61.94","1"
"2025-03-05","61.94","0"
"2025-03-05","61.96","1"
"2025-03-05","61.95","10"
"2025-03-05","61.95","0"
"2025-03-05","61.95","100"
"2025-03-05","61.95","0"
"2025-03-05","61.95","0"
"2025-03-05","61.84","100"
"2025-03-05","61.95","161"
"2025-03-05","61.95","0"
"2025-03-05","61.95","1"
"2025-03-05","61.95","728"
"2025-03-05","61.94","31"
"2025-03-05","62.03","20"
"2025-03-05","62.03","0"
"2025-03-05","61.97","325"
"2025-03-05","62.06","51"
"2025-03-05","62.06","0"
"2025-03-05","62.06","0"
"2025-03-05","62.06","0"
"2025-03-05","62.06","0"
"2025-03-05","62.06","1"
"2025-03-05","62.06","1"
"2025-03-05","62.12","4"
"2025-03-05","62.12","0"
"2025-03-05","62.10","100"
"2025-03-05","62.11","64"
"2025-03-05","62.11","4"
"2025-03-05","62.11","4"
"2025-03-05","62.11","0"
"2025-03-05","62.11","0"
"2025-03-05","62.04","127"
"2025-03-05","62.14","3"
"2025-03-05","62.14","0"
"2025-03-05","62.15","10"
"2025-03-05","62.15","0"
"2025-03-05","62.15","0"
"2025-03-05","62.12","5"
"2025-03-05","62.12","0"
"2025-03-05","62.11","1"
"2025-03-05","62.10","97"
"2025-03-05","62.12","1"
"2025-03-05","62.01","11"
"2025-03-05","62.01","0"
"2025-03-05","62.01","0"
"2025-03-05","62.01","0"
"2025-03-05","62.11","135"
"2025-03-05","62.10","100"
"2025-03-05","62.17","1047"
"2025-03-05","62.15","651"
"2025-03-05","62.19","500"
"2025-03-05","62.01","1200"
"2025-03-05","62.16","8"
"2025-03-05","62.16","3"
"2025-03-05","62.16","0"
"2025-03-05","62.15","137"
"2025-03-05","62.15","0"
"2025-03-05","62.16","910"
"2025-03-05","62.16","0"
"2025-03-05","62.04","2268"
"2025-03-05","62.42","1157"
"2025-03-05","62.42","0"
"2025-03-05","62.42","0"
"2025-03-05","62.42","0"
"2025-03-05","62.42","0"
"2025-03-05","62.22","50"
"2025-03-05","62.22","0"
"2025-03-05","62.22","0"
"2025-03-05","60.99","675"
"2025-03-05","60.74","2437"
"2025-03-05","60.74","17983"
"2025-03-05","61.00","1216"
"2025-03-05","61.10","5092"
"2025-03-05","61.00","1"
"2025-03-05","60.99","292"
"2025-03-05","61.06","66"
"2025-03-05","61.08","573"
"2025-03-05","61.12","64"
"2025-03-05","61.06","4"
"2025-03-05","61.14","17"
"2025-03-05","61.11","211"
"2025-03-05","61.27","156"
"2025-03-05","61.30","33"
"2025-03-05","61.23","416"
"2025-03-05","61.22","468"
"2025-03-05","61.20","116"
"2025-03-05","61.28","449"
"2025-03-05","61.22","15"
"2025-03-05","61.23","50"
"2025-03-05","61.28","55"
"2025-03-05","61.38","747"
"2025-03-05","61.34","803"
"2025-03-05","61.39","610"
"2025-03-05","61.35","20"
"2025-03-05","61.36","121"
"2025-03-05","61.47","872"
"2025-03-05","61.45","4"
"2025-03-05","61.49","918"
"2025-03-05","61.48","486"
"2025-03-05","61.46","75"
"2025-03-05","61.46","1442"
"2025-03-05","61.51","605"
"2025-03-05","61.59","12"
"2025-03-05","61.48","445"
"2025-03-05","61.53","26"
"2025-03-05","61.53","28"
"2025-03-05","61.50","606"
"2025-03-05","61.50","2"
"2025-03-05","61.49","3151"
"2025-03-05","61.54","25"
"2025-03-05","61.58","102"
"2025-03-05","61.61","185"
"2025-03-05","61.53","2002"
"2025-03-05","61.65","52"
"2025-03-05","61.53","12"
"2025-03-05","61.44","70"
"2025-03-05","61.40","58"
"2025-03-05","61.45","49"
"2025-03-05","61.45","2"
"2025-03-05","61.53","1276"
"2025-03-05","61.50","10"
"2025-03-05","61.50","0"
"2025-03-05","61.46","1"
"2025-03-05","61.45","968"
"2025-03-05","61.30","917"
"2025-03-05","61.34","3"
"2025-03-05","61.35","4"
"2025-03-05","61.35","0"
"2025-03-05","61.36","73"
"2025-03-05","61.28","682"
"2025-03-05","61.23","2"
"2025-03-05","61.26","12"
"2025-03-05","61.21","1"
"2025-03-05","61.28","11"
"2025-03-05","61.20","3"
"2025-03-05","61.26","1"
"2025-03-05","61.35","500"
"2025-03-05","61.35","0"
"2025-03-05","61.44","57"
"2025-03-05","61.43","32"
"2025-03-05","61.44","2"
"2025-03-05","61.44","0"
"2025-03-05","61.45","173"
"2025-03-05","61.45","0"
"2025-03-05","61.45","29"
"2025-03-05","61.45","172"
"2025-03-05","61.54","131"
"2025-03-05","61.55","751"
"2025-03-05","61.55","0"
"2025-03-05","61.55","8"
"2025-03-05","61.51","1"
"2025-03-05","61.52","153"
"2025-03-05","61.62","128"
"2025-03-05","61.61","30"
"2025-03-05","61.63","15"
"2025-03-05","61.62","1"
"2025-03-05","61.62","212"
"2025-03-05","61.70","2300"
"2025-03-05","61.68","1"
"2025-03-05","61.71","21"
"2025-03-05","61.57","472"
"2025-03-05","61.59","2001"
"2025-03-05","61.66","20"
"2025-03-05","61.65","11"
"2025-03-05","61.64","363"
"2025-03-05","61.64","21"
"2025-03-05","61.64","1"
"2025-03-05","61.64","115"
"2025-03-05","61.51","2003"
"2025-03-05","61.51","0"
"2025-03-05","61.51","0"
"2025-03-05","61.68","1"
"2025-03-05","61.70","81"
"2025-03-05","61.73","101"
"2025-03-05","61.70","65"
"2025-03-05","61.70","0"
"2025-03-05","61.71","20"
"2025-03-05","61.70","47"
"2025-03-05","61.77","10"
"2025-03-05","61.68","102"
"2025-03-05","61.75","48"
"2025-03-05","61.73","11"
"2025-03-05","61.73","78"
"2025-03-05","61.67","1"
"2025-03-05","61.73","14"
"2025-03-05","61.75","51"
"2025-03-05","61.75","0"
"2025-03-05","61.72","83"
"2025-03-05","61.72","0"
"2025-03-05","61.60","1040"
"2025-03-05","61.71","485"
"2025-03-05","61.71","1"
"2025-03-05","61.71","0"
"2025-03-05","61.71","0"
"2025-03-05","61.71","0"
"2025-03-05","61.71","0"
"2025-03-05","61.74","128"
"2025-03-05","61.76","150"
"2025-03-05","61.70","1"
"2025-03-05","61.72","1"
"2025-03-05","61.72","0"
"2025-03-05","61.77","4"
"2025-03-05","61.76","1"
"2025-03-05","61.83","117"
"2025-03-05","61.81","101"
"2025-03-05","61.81","5"
"2025-03-05","61.81","0"
"2025-03-05","61.83","1"
"2025-03-05","61.83","0"
"2025-03-05","61.90","459"
"2025-03-05","61.90","13"
"2025-03-05","61.91","100"
"2025-03-05","61.91","0"
"2025-03-05","61.94","12"
"2025-03-05","61.87","35"
"2025-03-05","61.95","80"
"2025-03-05","61.86","315"
"2025-03-05","61.86","0"
"2025-03-05","61.93","1"
"2025-03-05","61.92","1"
"2025-03-05","61.95","2"
"2025-03-05","61.91","51"
"2025-03-05","61.96","163"
"2025-03-05","61.98","8"
"2025-03-05","61.99","5"
"2025-03-05","61.99","0"
"2025-03-05","61.99","12"
"2025-03-05","61.98","8"
"2025-03-05","61.93","2"
"2025-03-05","61.93","0"
"2025-03-05","61.90","6"
"2025-03-05","61.90","0"
"2025-03-05","61.90","1"
"2025-03-05","61.90","0"
"2025-03-05","61.90","1"
"2025-03-05","61.91","19"
"2025-03-05","61.91","0"
"2025-03-05","61.92","80"
"2025-03-05","61.94","2"
"2025-03-05","61.94","0"
"2025-03-05","61.94","0"
"2025-03-05","61.94","1"
"2025-03-05","61.94","0"
"2025-03-05","61.94","0"
"2025-03-05","61.96","153"
"2025-03-05","61.95","12"
"2025-03-05","61.98","12"
"2025-03-05","61.98","0"
"2025-03-05","61.94","1"
"2025-03-05","61.94","0"
"2025-03-05","61.99","50"
"2025-03-05","61.99","0"
"2025-03-05","61.99","0"
"2025-03-05","61.97","1"
"2025-03-05","61.97","0"
"2025-03-05","61.97","0"
"2025-03-05","61.96","1"
"2025-03-05","61.98","11"
"2025-03-05","61.91","1"
"2025-03-05","61.91","0"
"2025-03-05","61.95","1"
"2025-03-05","61.95","0"
"2025-03-05","61.95","2"
"2025-03-05","61.97","100"
"2025-03-05","61.99","903"
"2025-03-05","62.07","402"
"2025-03-05","62.07","0"
"2025-03-05","62.07","0"
"2025-03-05","62.07","0"
"2025-03-05","62.07","0"
"2025-03-05","62.00","40"
"2025-03-05","62.01","150"
"2025-03-05","62.01","151"
"2025-03-05","62.01","0"
"2025-03-05","62.01","0"
"2025-03-05","62.01","0"
"2025-03-05","62.01","0"
"2025-03-05","62.01","0"
"2025-03-05","61.95","155"
"2025-03-05","61.95","67"
"2025-03-05","61.91","32"
"2025-03-05","61.95","550"
"2025-03-05","61.95","0"
"2025-03-05","61.95","0"
"2025-03-05","61.95","0"
"2025-03-05","61.95","0"
"2025-03-05","61.95","469"
"2025-03-05","61.95","53"
"2025-03-05","61.95","0"
"2025-03-05","61.91","108"
"2025-03-05","61.92","355"
"2025-03-05","61.92","0"
"2025-03-05","61.92","0"
"2025-03-05","61.97","1936"
"2025-03-05","61.97","3"
"2025-03-05","61.97","0"
"2025-03-05","61.97","0"
"2025-03-05","61.97","0"
"2025-03-05","61.97","3"
"2025-03-05","61.97","0"
"2025-03-05","61.90","497"
"2025-03-05","61.90","0"
"2025-03-05","61.90","0"
"2025-03-05","61.90","0"
"2025-03-05","61.81","1000"
"2025-03-05","61.81","0"
"2025-03-05","61.81","0"
"2025-03-05","61.81","0"
"2025-03-05","61.97","10055"
"2025-03-05","61.97","17"
"2025-03-05","61.99","2"
"2025-03-05","61.99","0"
"2025-03-05","61.99","0"
"2025-03-05","61.99","0"
"2025-03-05","61.99","0"
"2025-03-05","61.93","20"
"2025-03-05","61.93","0"
"2025-03-05","61.93","0"
"2025-03-05","61.94","100"
"2025-03-05","61.94","0"
"2025-03-05","61.94","0"
"2025-03-05","62.05","500"
"2025-03-05","61.96","500"
"2025-03-05","61.96","0"
"2025-03-05","61.96","0"
"2025-03-05","62.02","50"
"2025-03-05","62.02","0"
"2025-03-05","62.02","0"
"2025-03-05","62.04","54"
"2025-03-05","62.05","8"
"2025-03-05","62.05","0"
"2025-03-05","62.05","0"
"2025-03-05","62.00","1"
"2025-03-05","61.96","1"
"2025-03-05","61.96","5"
"2025-03-05","61.94","1"
"2025-03-05","61.90","1489"
"2025-03-05","61.90","0"
"2025-03-05","61.95","90"
"2025-03-05","61.89","2"
"2025-03-05","61.95","5"
"2025-03-05","61.95","0"
"2025-03-05","61.95","0"
"2025-03-05","61.95","0"
"2025-03-05","61.87","25"
"2025-03-05","61.87","0"
"2025-03-05","61.87","0"
"2025-03-05","61.87","0"
"2025-03-05","61.89","1"